step,type,amount,isFraud
36,0,396556.25,0
374,0,82431.74,0
403,0,189295.86,0
397,0,174948.67,0
382,0,126911.02,0
349,0,87293.29,0
354,0,208012.81,0
378,0,50612.94,0
378,0,153188.1,0
259,0,127945.26,0
405,0,163909.99,0
352,0,29819.73,0
186,0,89670.56,0
329,0,91151.01,0
251,0,1094.87,0
354,0,67213.22,0
442,0,125175.78,0
514,0,109925.13,0
328,0,3797.72,0
405,0,19187.92,0
353,0,93946.79,0
305,0,205349.51,0
326,0,303075.73,0
525,0,95398.73,0
690,0,265716.88,0
346,0,160024.52,0
252,0,314823.31,0
405,0,177674.13,0
378,0,62152.77,0
393,0,442460.31,0
308,0,137495.3,0
356,0,94950.84,0
375,0,320643.52,0
346,0,71953.28,0
598,0,98650.27,0
419,0,192118.99,0
394,0,14541.67,0
589,0,394896.65,0
354,0,130184.11,0
323,0,104590.86,0
608,0,138719.28,0
229,0,164699.38,0
207,0,71851.79,0
664,0,397667.59,0
332,0,63372.55,0
399,0,314368.22,0
399,0,18430.96,0
404,0,50800.65,0
370,0,359127.02,0
305,0,163154.44,0
402,0,354789.27,0
374,1,70240.28,0
308,0,126642.46,0
352,0,37477.17,0
328,0,381313.66,0
329,0,226337.89,0
209,0,114611.73,0
332,0,101800.12,0
282,1,745.55,0
540,0,152220.08,0
524,0,98050.97,0
325,0,126306.62,0
471,0,27865.83,0
154,0,97055.07,0
681,0,436198.67,0
354,0,49349.86,0
394,0,238400.77,0
596,0,149815.53,0
469,0,223463.5,0
590,0,510495.24,0
355,0,91737.23,0
401,0,23627.02,0
357,0,113587.51,0
355,0,77269.62,0
379,0,55306.76,0
354,0,32942.34,0
369,0,169984.01,0
299,0,155350.37,0
326,0,150934.7,0
614,1,9982.65,0
258,0,11161.51,0
684,0,225734.05,0
352,0,12497.27,0
276,0,97581.6,0
324,0,229602.06,0
402,0,44464.15,0
687,0,367039.51,0
331,0,94541.92,0
378,0,237663.34,0
395,0,8933.94,0
402,0,301061.11,0
274,0,89304.88,0
520,0,84422.26,0
380,0,15095.85,0
596,0,128258.67,0
400,0,308632.62,0
374,0,78506.24,0
371,0,138112.02,0
548,1,36749.04,0
542,0,38107.54,0
202,0,22772.87,0
372,0,78796.7,0
212,0,167666.47,0
567,0,158808.17,0
284,0,146120.78,0
140,0,112687.82,0
353,0,53476.8,0
370,0,398981.26,0
331,0,79981.72,0
522,0,42095.17,0
588,0,96769.53,0
378,0,344292.65,0
347,0,147975.35,0
359,0,128440.29,0
212,0,45343.93,0
357,0,225758.99,0
564,0,38535.5,0
396,0,1910.0,0
595,0,66568.19,0
250,0,442891.59,0
402,0,44000.14,0
376,0,34575.59,0
596,0,81431.89,0
400,0,3346.04,0
542,0,73091.72,0
401,0,59911.38,0
354,0,220093.53,0
403,0,76937.08,0
307,0,115598.44,0
393,0,38102.77,0
617,0,45266.99,0
307,0,320464.0,0
276,0,117189.97,0
709,0,43708.81,0
566,0,86130.41,0
403,0,124404.12,0
404,0,174069.6,0
691,0,189356.42,0
329,0,158353.74,0
357,0,157698.65,0
514,0,295739.34,0
325,0,67951.41,0
402,0,124464.78,0
709,0,72023.76,0
393,0,50575.1,0
375,0,276447.31,0
357,0,152252.44,0
259,0,183806.68,0
258,0,223411.73,0
180,0,272620.59,0
351,0,215156.42,0
307,0,93282.64,0
400,0,107185.69,0
402,0,84479.39,0
378,1,122292.07,0
589,0,361553.63,0
249,0,58668.92,0
306,0,20027.48,0
274,0,44184.79,0
617,0,91778.62,0
281,0,1596.56,0
398,0,380200.03,0
659,0,20671.59,0
397,0,110961.84,0
402,0,46720.41,0
203,0,40345.57,0
282,0,149467.43,0
347,0,45713.37,0
255,0,108990.85,0
353,0,336781.24,0
226,0,114234.78,0
379,0,141126.49,0
380,0,121967.18,0
302,0,173654.14,0
309,0,284941.78,0
228,0,290.49,0
354,0,45573.77,0
210,0,195325.67,0
276,0,20221.4,0
332,0,29892.52,0
694,0,126054.96,0
301,0,32435.39,0
306,0,162019.17,0
380,0,79356.85,0
209,0,96517.84,0
232,0,143600.54,0
324,0,91131.42,0
469,0,261413.68,0
373,0,222277.44,0
587,0,124502.94,0
348,0,45466.06,0
550,1,104294.28,0
640,0,129859.28,0
525,0,60388.45,0
297,0,88328.46,0
570,0,86219.02,0
330,0,44252.29,0
567,0,16512.08,0
355,0,141238.16,0
282,0,41010.35,0
588,0,159785.78,0
299,0,44327.58,0
134,0,40923.24,0
283,0,49493.8,0
378,0,192993.58,0
565,0,179598.52,0
398,0,384518.27,0
692,0,151389.86,0
375,0,62402.74,0
328,0,23292.92,0
305,0,301458.07,0
542,0,295879.14,0
329,0,19760.84,0
355,0,121347.15,0
255,0,10496.63,0
322,0,163788.76,0
402,0,301278.71,0
380,0,56926.99,0
356,0,24280.23,0
545,0,249217.05,0
686,0,242740.71,0
250,0,127544.26,0
370,0,186826.47,0
324,0,38565.69,0
378,0,6952.36,0
379,1,18297.22,0
394,0,396973.4,0
358,1,163010.98,0
279,0,29308.81,0
384,1,163502.12,0
328,0,66567.31,0
298,0,63122.37,0
346,0,212700.78,0
298,0,180461.57,0
260,0,161754.0,0
206,0,245259.11,0
284,0,210129.06,0
544,0,71635.93,0
379,0,171015.88,0
187,0,15925.72,0
330,0,52213.33,0
594,0,179760.59,0
379,0,227221.04,0
285,0,80000.25,0
474,0,115251.36,0
307,0,84199.67,0
347,0,102066.22,0
492,0,160295.55,0
401,0,152740.4,0
614,0,126934.0,0
372,0,227905.89,0
471,0,43738.88,0
371,0,148227.44,0
380,0,199203.66,0
153,0,32265.91,0
492,0,165884.76,0
379,0,188348.13,0
525,0,27717.24,0
565,0,264754.55,0
351,0,106388.75,0
132,0,9342.48,0
281,1,68204.54,0
404,0,34987.09,0
589,0,196851.61,0
354,0,114957.71,0
404,0,202315.3,0
331,0,17592.5,0
305,0,177.82,0
377,0,111131.95,0
350,0,14716.48,0
686,0,104077.22,0
379,0,44067.85,0
283,1,69387.23,0
397,0,356153.98,0
688,0,23999.81,0
397,0,61900.31,0
422,0,178433.4,0
399,0,110428.13,0
355,0,67063.09,0
138,0,105479.98,0
376,1,54810.58,0
279,0,309501.56,0
325,0,85332.09,0
357,1,23038.32,0
353,0,170823.89,0
331,0,119166.17,0
305,0,25404.28,0
403,0,312230.34,0
527,0,128159.34,0
333,0,30603.86,0
397,0,478581.4,0
357,1,198810.66,0
310,0,128485.2,0
403,0,108786.81,0
374,0,117351.04,0
375,0,198594.87,0
186,0,6496.85,0
348,0,24688.33,0
399,0,218392.54,0
372,0,116112.97,0
399,0,286122.16,0
346,0,59589.73,0
133,0,257028.55,0
397,0,372469.91,0
212,0,10288.41,0
404,0,323029.97,0
230,0,63599.45,0
370,1,10409.92,0
132,1,39204.53,0
322,0,194761.68,0
373,0,132393.75,0
300,0,66587.12,0
305,0,45325.64,0
347,0,336527.74,0
397,0,250594.99,0
567,0,198546.54,0
260,0,52848.48,0
710,0,313234.66,0
564,0,175503.58,0
400,0,136824.75,0
406,0,168466.39,0
281,0,81371.72,0
324,0,196622.72,0
323,0,245427.59,0
321,0,179971.74,0
403,0,5319.67,0
692,0,102801.05,0
349,0,200418.18,0
182,0,181803.95,0
376,0,233969.98,0
307,0,114429.78,0
285,0,223050.48,0
379,0,4767.73,0
398,0,130735.94,0
227,0,101270.41,0
644,0,27667.21,0
251,0,69319.24,0
401,0,75870.92,0
688,0,23441.31,0
229,0,209794.7,0
331,0,220694.92,0
378,0,182219.78,0
404,0,64354.11,0
329,0,419252.08,0
259,0,120448.88,0
253,0,175601.1,0
495,0,58432.28,0
347,0,145709.01,0
592,0,269747.26,0
546,0,273203.69,0
595,0,148122.55,0
378,0,318005.37,0
298,0,305362.04,0
253,0,69850.63,0
231,0,248712.97,0
715,0,56018.99,0
211,0,179493.12,0
187,0,86878.26,0
520,0,694937.33,0
355,0,234215.91,0
188,0,22144.5,0
283,0,135452.56,0
326,0,4968.32,0
403,0,19762.52,0
681,0,291394.61,0
249,0,6010.86,0
283,1,161959.15,0
358,0,308868.46,0
370,0,183769.73,0
232,0,130106.79,0
355,0,22674.61,0
329,0,237990.69,0
154,0,154203.24,0
408,0,187589.05,0
538,0,100021.24,0
283,0,86345.79,0
402,0,141910.0,0
201,0,91382.8,0
331,0,89468.3,0
550,0,87568.28,0
355,0,205401.63,0
155,0,125020.65,0
705,0,34641.57,0
300,0,2797.2,0
329,0,66979.25,0
399,0,133669.41,0
592,0,115562.07,0
346,0,59204.43,0
346,0,311572.58,0
259,0,142186.57,0
274,0,167105.72,0
234,0,34399.52,0
379,0,113343.58,0
399,0,220654.23,0
302,0,293791.85,0
401,0,194901.46,0
420,0,211506.52,0
356,0,1094.2,0
321,0,346595.71,0
298,0,432616.59,0
370,0,134588.39,0
187,0,128126.83,0
207,1,125575.12,0
297,0,212245.77,0
305,0,9944.5,0
395,0,12536.83,0
397,0,73470.67,0
208,0,230486.67,0
371,0,135148.44,0
326,0,268754.67,0
369,0,125872.65,0
204,0,83765.76,0
495,0,44820.9,0
404,0,38542.24,0
522,0,122371.91,0
236,0,223093.13,0
617,0,146921.63,0
332,0,191204.57,0
301,0,218545.45,0
349,0,309432.11,0
403,0,253556.45,0
141,0,120362.79,0
321,0,304184.43,0
329,0,129919.45,0
286,0,1506.52,0
202,0,9352.48,0
250,0,219216.45,0
330,0,79471.09,0
164,0,73660.11,0
372,0,47883.26,0
327,0,356499.58,0
370,0,305648.01,0
354,0,105510.32,0
284,0,66329.17,0
348,0,2022.8,0
278,0,22268.28,0
306,0,17942.3,0
302,0,243704.78,0
307,0,50472.96,0
372,0,32807.42,0
202,0,143932.2,0
351,0,42311.2,0
372,0,83296.61,0
404,0,57901.64,0
692,0,220946.15,0
354,0,571769.23,0
589,0,200566.23,0
686,1,167395.72,0
373,0,321162.75,0
448,0,33637.79,0
396,0,197557.41,0
371,0,82723.98,0
252,0,320994.47,0
715,0,132113.03,0
186,0,1428.84,0
346,0,26765.91,0
525,0,217310.72,0
283,0,158419.69,0
273,0,9491.99,0
349,0,233825.9,0
544,0,338636.85,0
331,0,60528.62,0
306,0,71921.04,0
355,0,114454.57,0
525,1,184374.93,0
322,1,153694.73,0
398,0,205722.1,0
642,0,119979.88,0
369,0,53853.87,0
403,0,53928.22,0
398,0,82791.13,0
348,0,165594.94,0
642,1,68611.08,0
326,0,422755.76,0
322,0,116935.63,0
402,0,360692.8,0
404,0,42648.07,0
384,0,17112.95,0
332,0,492830.56,0
395,0,165229.43,0
394,0,352595.58,0
694,0,152998.17,0
298,0,268951.78,0
285,0,69928.79,0
346,0,93587.37,0
589,0,136526.73,0
359,0,39798.42,0
565,0,13623.2,0
212,0,40381.33,0
378,0,223849.58,0
307,0,137033.59,0
323,0,38347.8,0
403,0,109211.6,0
396,0,215630.69,0
309,1,156764.01,0
612,0,85757.87,0
285,0,137564.06,0
307,0,217843.11,0
540,0,7857.34,0
398,0,314675.7,0
306,0,121941.23,0
394,1,190907.52,0
404,0,157050.05,0
373,0,162141.68,0
567,0,60551.45,0
330,0,21293.23,0
352,1,15706.45,0
164,0,2454.06,0
354,0,168202.49,0
400,0,135218.11,0
551,0,50609.78,0
375,0,11379.23,0
397,0,346130.05,0
355,0,364289.25,0
356,0,13503.58,0
495,0,153548.96,0
688,0,303554.59,0
527,0,76955.99,0
356,0,36533.03,0
710,0,123035.2,0
255,0,18936.18,0
330,0,18800.3,0
354,0,41607.84,0
259,0,243152.72,0
394,0,141204.65,0
522,0,407765.86,0
709,0,152480.4,0
283,0,107821.21,0
323,0,475476.34,0
254,0,231921.16,0
254,0,222781.96,0
379,0,47802.39,0
377,0,270091.67,0
332,0,18912.39,0
373,0,322053.05,0
369,0,102024.92,0
329,0,277753.63,0
405,0,168316.35,0
353,0,112446.81,0
280,0,13343.93,0
596,0,68505.01,0
304,0,185552.01,0
355,0,301862.6,0
349,0,28350.14,0
355,0,165263.18,0
474,0,247980.18,0
476,0,136504.12,0
235,0,89857.94,0
380,0,63953.54,0
590,0,41196.43,0
379,0,83855.82,0
327,0,13795.96,0
403,0,37693.9,0
717,0,147881.2,0
380,1,73363.2,0
614,0,323826.65,0
396,0,87661.35,0
276,0,53372.65,0
688,0,36745.01,0
405,0,10341.68,0
476,0,142325.77,0
297,0,4799.66,0
261,0,60853.04,0
334,0,104232.3,0
300,0,26584.88,0
297,0,118808.27,0
399,0,54540.75,0
236,0,108189.07,0
372,0,163246.04,0
710,1,141053.76,0
206,0,124168.49,0
306,0,90762.54,0
282,0,151273.86,0
313,1,149410.05,0
695,0,78945.21,0
378,0,109923.56,0
522,0,131283.25,0
307,0,34067.66,0
225,0,105429.65,0
402,0,251852.93,0
307,0,108179.52,0
235,0,52859.27,0
399,1,69565.45,0
402,0,83420.38,0
235,0,87357.83,0
239,0,14980.26,0
330,0,146292.4,0
403,0,133664.77,0
332,0,31115.04,0
404,0,71206.27,0
402,0,81017.58,0
381,0,149660.49,0
298,0,33810.9,0
353,0,56642.12,0
686,0,9512.24,0
495,0,162474.57,0
393,0,234013.72,0
379,0,318496.54,0
401,0,229928.01,0
234,0,9983.53,0
346,0,7851.76,0
380,0,309602.72,0
590,0,50222.98,0
323,0,137705.3,0
284,0,100109.49,0
184,0,160474.99,0
403,0,62142.99,0
207,0,40267.48,0
301,0,71761.99,0
404,0,9295.22,0
374,0,386355.56,0
380,0,100467.43,0
403,0,20897.92,0
347,0,229007.55,0
378,0,248583.53,0
406,0,33857.73,0
540,0,94753.24,0
277,0,25879.5,0
379,1,66893.73,0
323,0,141441.3,0
428,0,40010.11,0
393,0,176286.67,0
326,0,347551.71,0
262,1,63608.43,0
566,0,344012.68,0
162,0,171830.88,0
249,0,60312.56,0
395,0,36876.45,0
202,0,139796.62,0
540,0,212449.92,0
370,0,85984.83,0
327,0,401361.09,0
322,0,250248.18,0
563,0,344112.41,0
402,0,365124.55,0
348,0,57632.65,0
542,0,223081.39,0
403,0,199010.01,0
237,0,169371.38,0
403,0,75556.33,0
402,0,107016.58,0
350,0,84587.51,0
403,0,16783.22,0
590,0,332986.31,0
306,0,58440.75,0
565,0,480024.08,0
355,0,174987.2,0
375,0,111553.64,0
404,0,111438.78,0
252,0,137423.09,0
594,0,179511.65,0
254,0,146537.38,0
546,0,230666.81,0
251,0,190460.74,0
395,1,100210.36,0
403,0,95701.76,0
356,0,55522.84,0
359,0,128510.21,0
373,0,48913.32,0
278,0,88625.25,0
403,0,109770.5,0
210,0,42866.67,0
592,0,21269.73,0
351,0,373557.44,0
684,0,233780.42,0
404,0,113667.56,0
352,0,95466.86,0
403,0,287343.11,0
547,0,55187.75,0
260,0,55385.41,0
596,0,138742.91,0
327,1,136620.55,0
301,0,75612.36,0
374,0,93664.99,0
380,1,130256.13,0
374,0,156894.01,0
590,0,90154.04,0
396,0,76853.93,0
260,0,207405.74,0
323,0,8395.06,0
205,0,9284.03,0
281,0,58822.81,0
225,0,280160.35,0
399,0,51027.98,0
546,0,274687.33,0
373,0,244838.16,0
574,0,10221.31,0
322,0,468999.97,0
544,0,255199.4,0
381,0,154554.31,0
372,0,69890.91,0
394,0,196287.21,0
376,0,241135.72,0
187,0,80652.46,0
395,0,196642.4,0
500,0,118034.61,0
394,0,427991.28,0
548,0,172857.35,0
331,0,86192.23,0
348,0,133978.48,0
225,0,246162.11,0
375,0,9803.18,0
260,0,71646.05,0
422,0,107312.63,0
637,0,21283.83,0
358,0,209684.05,0
518,0,28078.63,0
376,0,429173.68,0
348,0,570432.8,0
379,0,4726.17,0
402,0,20834.6,0
357,0,11776.03,0
403,0,70782.86,0
402,0,141822.57,0
252,0,111264.82,0
332,0,196060.23,0
281,0,173257.89,0
355,0,56938.75,0
476,0,313895.02,0
253,1,2175.76,0
393,0,296232.26,0
687,0,133496.03,0
667,1,113116.75,0
308,0,51634.86,0
522,0,489944.06,0
377,0,185957.15,0
353,0,65314.77,0
396,0,31193.83,0
356,0,26082.64,0
259,0,124348.52,0
164,0,1117.94,0
400,0,67958.66,0
396,0,134254.87,0
350,0,324011.19,0
400,0,291304.38,0
352,0,26965.72,0
373,0,178337.82,0
376,0,77602.6,0
262,0,12276.04,0
348,0,61781.65,0
353,0,221057.3,0
661,0,268744.93,0
589,0,619307.52,0
544,0,186003.57,0
694,1,144556.23,0
356,0,3292.51,0
402,0,203523.49,0
329,0,74603.45,0
393,0,40937.87,0
353,0,142869.4,0
684,0,286890.38,0
158,0,266846.62,0
544,0,152327.81,0
670,0,53667.65,0
355,0,78000.68,0
686,0,73712.45,0
403,0,199897.28,0
372,0,193498.35,0
548,0,22237.1,0
303,0,216211.9,0
574,0,69859.8,0
396,0,361453.45,0
257,1,25932.36,0
260,0,141839.91,0
691,0,26505.24,0
690,0,276644.26,0
184,0,109373.72,0
401,0,125219.1,0
595,0,132728.76,0
349,0,58035.19,0
301,0,177354.45,0
569,1,172572.95,0
681,0,200431.96,0
398,0,281834.44,0
299,0,29751.53,0
429,1,159856.81,0
402,1,192005.72,0
574,0,56815.43,0
403,0,73561.4,0
374,0,219848.36,0
328,0,55853.48,0
401,0,147219.61,0
211,1,43117.35,0
304,0,76110.49,0
370,0,8625.62,0
380,0,160171.32,0
374,1,193648.31,0
476,1,93645.08,0
327,0,139291.97,0
490,0,339027.7,0
326,0,229387.59,0
709,0,130606.11,0
378,0,101521.72,0
256,1,11378.61,0
373,0,251163.65,0
402,0,210474.03,0
360,1,10756.56,0
691,0,10122.39,0
379,0,65956.41,0
226,0,381255.51,0
158,0,161822.68,0
402,0,98754.54,0
304,0,388045.61,0
377,0,92266.67,0
619,0,82625.54,0
550,0,63866.05,0
403,0,97438.23,0
404,0,160422.3,0
401,0,283855.83,0
373,0,12631.54,0
208,0,56586.95,0
329,0,137239.23,0
399,0,296766.93,0
228,0,2080.63,0
185,0,286972.37,0
596,0,300423.49,0
400,0,190621.64,0
230,0,9965.1,0
471,0,250940.62,0
307,0,157127.64,0
377,0,21071.97,0
370,0,133532.83,0
354,0,155197.26,0
451,0,57961.82,0
182,0,5382.84,0
370,0,316838.59,0
404,0,14733.73,0
301,0,73874.35,0
402,0,129231.13,0
378,0,213275.89,0
307,0,81170.1,0
323,0,126381.57,0
235,0,5522.98,0
404,0,162713.79,0
351,0,121036.93,0
329,0,29688.28,0
378,0,158561.66,0
394,0,85433.17,0
307,0,170649.13,0
571,0,214177.76,0
500,0,142670.9,0
326,0,64213.99,0
400,0,259872.49,0
327,0,60078.47,0
332,0,45072.27,0
328,0,35704.3,0
327,0,120802.87,0
328,0,121624.85,0
595,0,213094.15,0
399,0,445927.29,0
355,0,335898.14,0
305,0,91206.93,0
274,0,229156.24,0
164,0,270920.18,0
538,0,262773.49,0
688,0,62617.91,0
330,0,3529.19,0
401,0,22986.71,0
595,0,118833.6,0
379,1,27887.18,0
329,0,140001.15,0
327,0,45858.87,0
373,0,13812.31,0
379,1,79426.18,0
331,0,296926.45,0
355,0,173128.2,0
356,0,177183.3,0
644,0,115981.82,0
402,0,131928.06,0
329,0,141722.03,0
327,0,128967.72,0
212,0,24232.01,0
348,0,211335.64,0
490,0,109281.53,0
401,0,161147.38,0
354,0,500696.36,0
397,0,52016.9,0
378,0,38984.38,0
692,1,160874.71,0
308,0,218043.83,0
306,1,53978.08,0
399,0,262579.17,0
328,0,154999.51,0
403,0,239806.5,0
405,0,76488.3,0
399,0,43730.66,0
404,0,45012.83,0
403,0,165587.13,0
282,0,98061.42,0
209,0,69402.84,0
308,0,51616.29,0
331,0,96314.4,0
402,0,383307.37,0
661,0,97038.4,0
404,0,163137.61,0
396,0,102232.47,0
230,0,174330.28,0
400,0,202393.44,0
375,0,84184.65,0
522,0,492765.72,0
356,0,398260.6,0
331,0,361805.87,0
398,0,145186.71,0
348,0,314765.29,0
374,0,212709.13,0
514,0,17321.63,0
328,0,61586.31,0
41,0,81600.75,0
280,0,18375.44,0
372,0,151600.26,0
310,1,51107.4,0
500,0,248006.27,0
227,0,408553.31,0
394,0,400968.55,0
405,0,200244.07,0
352,0,397584.5,0
206,0,51131.98,0
402,0,193263.32,0
551,0,254152.5,0
403,0,17860.63,0
404,0,119785.75,0
325,0,45120.5,0
250,1,147267.15,0
331,0,1402.59,0
588,0,80291.82,0
331,0,47959.14,0
398,0,253415.93,0
402,0,29337.1,0
400,0,95661.08,0
283,0,168308.11,0
329,0,65989.53,0
692,0,16646.45,0
305,0,291476.75,0
283,0,123364.81,0
274,0,77049.66,0
380,0,21389.86,0
394,0,75027.38,0
182,1,154982.33,0
352,0,110254.82,0
684,0,391921.63,0
656,0,163045.07,0
380,0,28641.83,0
619,0,11335.28,0
395,0,314414.9,0
710,0,260445.11,0
372,0,231615.61,0
395,0,362113.73,0
162,0,42645.81,0
402,0,191532.16,0
589,0,116507.81,0
261,0,168140.93,0
301,1,99486.74,0
251,0,25827.78,0
355,0,33225.55,0
496,0,190452.25,0
350,0,66865.98,0
397,0,21110.37,0
373,0,7266.15,0
309,0,104268.61,0
378,0,92265.73,0
302,0,26999.53,0
544,0,151105.28,0
371,0,32575.96,0
278,0,84993.03,0
670,0,46036.93,0
284,0,112356.37,0
286,0,354725.32,0
354,0,257870.06,0
332,0,200641.5,0
211,0,102907.68,0
302,0,88569.15,0
399,0,1320.53,0
522,0,10153.26,0
281,0,182045.39,0
355,0,22066.19,0
451,0,82603.35,0
375,0,127213.78,0
233,0,13855.53,0
397,0,70761.21,0
328,0,13539.34,0
573,0,89605.49,0
160,0,39228.85,0
298,0,136154.48,0
157,0,22666.64,0
567,0,62154.68,0
160,0,187084.75,0
405,1,185249.93,0
399,0,630170.97,0
323,0,69369.5,0
356,1,152146.11,0
396,0,110632.35,0
352,0,331520.03,0
471,0,151341.91,0
250,0,174454.61,0
571,0,69606.27,0
426,0,70356.57,0
346,0,387253.44,0
592,0,53546.91,0
378,0,207578.65,0
548,1,169371.43,0
349,0,169140.45,0
395,0,108362.51,0
233,0,14901.64,0
705,0,17801.46,0
687,0,107415.91,0
308,0,219226.53,0
592,0,4830.26,0
204,0,308173.79,0
588,0,167752.34,0
301,0,99241.33,0
469,0,95523.09,0
303,0,5654.62,0
401,0,173309.11,0
282,0,64043.1,0
373,0,180421.98,0
690,0,101388.17,0
404,0,88559.25,0
372,0,15941.68,0
394,0,180611.97,0
332,0,130944.05,0
544,0,234994.23,0
352,1,177407.14,0
406,0,59475.51,0
378,0,73962.74,0
395,0,452875.26,0
307,0,99785.9,0
299,0,42855.93,0
376,0,81608.96,0
380,0,19951.73,0
323,0,139561.59,0
228,0,105010.46,0
299,0,283950.63,0
226,0,241940.17,0
372,0,269727.66,0
310,0,116628.12,0
400,0,92387.73,0
356,0,113433.33,0
325,0,7355.7,0
236,0,37653.17,0
326,0,11537.24,0
492,0,209161.39,0
416,0,236766.73,0
401,0,382173.15,0
398,0,57428.11,0
564,0,79272.48,0
274,0,119852.4,0
140,0,41079.24,0
401,0,102179.28,0
301,0,104318.01,0
302,0,116357.65,0
373,0,18734.07,0
404,0,56278.51,0
715,0,444552.91,0
563,0,202521.32,0
570,0,6225.97,0
299,0,94598.15,0
397,0,220274.47,0
377,0,114397.42,0
398,0,272636.57,0
322,0,135918.5,0
400,0,180314.64,0
330,0,39999.81,0
400,0,21203.53,0
398,0,68149.79,0
594,0,192791.59,0
347,0,25684.49,0
302,0,240176.25,0
397,0,49883.56,0
350,0,304082.15,0
688,0,99742.07,0
326,0,12589.3,0
522,0,238875.79,0
374,0,54432.76,0
395,0,225449.78,0
667,0,27558.97,0
691,0,56546.81,0
228,0,168265.93,0
370,0,377643.56,0
356,0,251989.98,0
379,0,164821.74,0
402,0,80322.34,0
393,0,35612.87,0
186,0,168941.3,0
403,0,125864.99,0
275,0,102468.31,0
403,0,4418.36,0
399,0,60966.77,0
322,0,62296.5,0
328,0,139949.08,0
691,0,104685.4,0
380,0,294519.38,0
330,0,73216.16,0
517,0,85549.13,0
373,0,453549.05,0
307,0,339836.11,0
357,0,110720.97,0
522,0,116978.82,0
355,0,3032.63,0
405,0,127827.17,0
393,0,278593.69,0
160,0,296560.99,0
347,0,440266.39,0
225,0,105146.17,0
356,0,74985.17,0
304,0,112273.1,0
400,0,168700.93,0
326,0,90822.32,0
352,0,264088.98,0
687,0,222422.17,0
189,1,11349.15,0
372,0,218916.23,0
379,0,192489.93,0
356,0,197093.92,0
375,0,92494.55,0
403,0,208549.48,0
380,0,39011.35,0
274,0,122482.98,0
369,0,178279.05,0
567,0,112741.81,0
305,0,843.04,0
370,0,17900.23,0
330,0,219500.27,0
401,0,244313.09,0
500,0,211277.77,0
351,0,188437.42,0
326,0,146169.66,0
186,0,160938.85,0
306,0,235061.09,0
323,0,334268.24,0
234,0,43507.33,0
393,0,122356.81,0
38,0,123753.46,0
379,0,341208.57,0
207,0,39652.66,0
493,0,232346.86,0
403,0,156496.02,0
350,0,356086.74,0
402,0,286406.51,0
283,1,3394.83,0
378,0,21754.58,0
330,0,362052.74,0
403,0,49726.53,0
275,0,205927.04,0
380,0,5706.06,0
393,0,156833.52,0
298,0,217180.86,0
252,0,142500.54,0
372,0,131635.28,0
563,0,340196.98,0
670,1,9247.16,0
594,0,170453.4,0
350,0,197170.91,0
374,0,78349.47,0
380,0,5234.27,0
346,0,212646.25,0
329,0,157756.89,0
351,0,21832.74,0
351,0,309078.49,0
309,0,292609.18,0
404,0,32184.11,0
329,0,254013.56,0
398,0,282685.64,0
20,0,175123.24,0
567,0,385593.4,0
398,0,264415.05,0
642,0,125821.0,0
234,0,205139.05,0
308,0,60458.23,0
301,0,52732.1,0
492,0,72413.75,0
355,0,200884.32,0
355,0,26360.18,0
714,0,291069.02,0
356,0,87139.59,0
233,0,51394.9,0
350,0,214184.1,0
355,0,283934.38,0
396,0,202314.76,0
380,0,69006.6,0
380,0,342636.61,0
326,0,10668.69,0
402,0,181825.09,0
422,0,201703.83,0
332,0,4604.95,0
469,0,596470.5,0
373,0,51421.94,0
372,1,55392.38,0
404,0,221930.54,0
277,0,89962.27,0
305,0,40740.15,0
283,0,122008.87,0
185,0,91724.74,0
355,0,32591.28,0
283,1,9065.92,0
280,0,142854.74,0
548,0,165539.38,0
371,0,196559.79,0
234,0,15148.38,0
356,0,135977.29,0
333,0,40750.13,0
355,0,286075.16,0
298,0,75477.83,0
329,0,24171.28,0
258,0,46148.96,0
281,0,172402.44,0
349,0,314452.73,0
356,0,105375.38,0
402,0,81887.19,0
257,0,153033.97,0
251,1,2442.51,0
474,0,163177.11,0
621,0,65138.16,0
141,0,46147.41,0
567,0,101072.32,0
357,0,149736.91,0
380,0,145611.83,0
333,0,38287.47,0
349,0,17409.2,0
306,0,33054.78,0
304,0,344662.46,0
353,0,289004.37,0
235,0,274833.23,0
400,0,57115.86,0
250,0,183250.56,0
404,0,140595.0,0
402,0,239752.35,0
284,0,9046.8,0
331,0,19307.34,0
347,0,395594.99,0
404,0,28938.67,0
397,0,35665.99,0
42,0,125027.09,0
345,0,8038.29,0
279,0,83611.74,0
396,0,68403.53,0
346,0,324764.52,0
329,0,11385.16,0
399,0,87026.68,0
403,0,182681.12,0
345,0,69222.39,0
228,0,257451.54,0
371,0,247674.05,0
358,0,141214.29,0
327,0,67142.93,0
403,0,121000.08,0
393,0,138136.38,0
375,1,181730.49,0
282,0,21610.12,0
327,0,105928.58,0
405,0,243147.55,0
251,0,195231.21,0
212,0,67347.18,0
262,0,51669.22,0
279,0,54088.13,0
354,0,193448.29,0
525,0,134668.25,0
209,1,151893.9,0
371,0,192311.98,0
379,0,117265.52,0
402,0,98649.83,0
301,0,40519.83,0
402,0,67331.46,0
372,0,68014.02,0
346,0,332503.25,0
401,0,154717.87,0
328,0,137165.11,0
183,0,107632.85,0
351,0,513117.51,0
329,0,146465.5,0
394,0,153154.08,0
349,0,38716.1,0
322,0,128934.04,0
398,0,23339.76,0
348,0,186717.75,0
403,0,189539.25,0
281,0,98923.21,0
372,0,57259.08,0
356,0,81603.15,0
373,0,263148.62,0
379,0,137834.44,0
260,0,85891.04,0
274,0,119721.01,0
376,0,23123.9,0
401,0,236311.75,0
403,0,244689.67,0
399,0,1823.08,0
251,0,271955.92,0
399,0,428192.26,0
303,0,30870.48,0
354,0,310396.33,0
656,0,99734.9,0
308,0,19660.66,0
380,0,67924.71,0
397,0,249925.27,0
203,0,219228.3,0
282,0,226025.28,0
355,0,169353.21,0
254,0,239806.99,0
402,0,53115.78,0
210,0,87691.54,0
285,0,117741.21,0
403,0,40936.34,0
202,0,3766.78,0
331,0,11548.18,0
594,0,242362.3,0
309,0,270762.58,0
372,0,174427.03,0
567,0,67022.75,0
518,0,366.29,0
659,0,274598.29,0
206,0,286350.54,0
236,0,131009.86,0
687,0,671678.8,0
405,0,91611.47,0
469,0,138757.93,0
162,0,34271.41,0
327,0,44037.78,0
283,0,73779.97,0
353,0,37685.16,0
156,0,38571.71,0
305,0,196039.97,0
403,0,111113.24,0
522,0,155974.03,0
592,0,120595.56,0
585,0,286493.43,0
306,0,69996.62,0
540,0,259206.95,0
370,0,24428.01,0
358,1,76283.0,0
567,0,477386.25,0
399,0,181305.77,0
407,0,7689.23,0
686,0,110651.72,0
540,0,96481.18,0
683,0,167296.13,0
231,0,244904.19,0
401,0,45569.31,0
576,0,7054.36,0
514,1,146218.46,0
352,0,99833.81,0
276,0,95480.69,0
469,0,968.33,0
331,0,38221.5,0
400,0,65493.11,0
322,0,44260.68,0
656,0,245082.5,0
617,0,60876.0,0
330,0,118371.08,0
178,0,95683.02,0
400,0,132019.95,0
354,0,330.66,0
396,0,139722.12,0
371,0,223186.98,0
353,0,119029.0,0
402,0,186956.91,0
356,0,68675.37,0
187,0,93178.29,0
348,0,396725.67,0
592,0,235855.97,0
400,0,412251.82,0
257,0,109632.89,0
397,0,361474.18,0
375,0,39202.72,0
492,0,482355.41,0
354,1,46948.13,0
397,0,219362.0,0
306,0,171022.72,0
404,0,74810.9,0
585,0,234062.85,0
274,0,77740.99,0
259,0,40576.27,0
234,0,173193.18,0
399,0,1040.02,0
681,0,193700.08,0
307,0,44349.9,0
372,0,172228.36,0
277,0,12921.19,0
306,0,140866.61,0
140,0,25681.87,0
664,0,37274.3,0
402,0,324432.39,0
307,0,302169.62,0
378,0,199974.86,0
347,0,34664.77,0
259,0,22064.43,0
355,0,125523.03,0
335,0,57172.34,0
378,0,134049.0,0
238,0,163725.81,0
397,0,426792.36,0
695,0,6673.09,0
544,0,13343.77,0
274,0,49287.61,0
571,0,78550.91,0
378,0,225862.79,0
304,0,97903.96,0
309,0,130925.43,0
544,0,139238.8,0
378,0,38003.73,0
351,0,354015.29,0
546,0,225573.11,0
492,0,502432.04,0
308,0,122536.67,0
235,0,61242.1,0
396,0,10510.27,0
396,0,120714.33,0
347,0,482803.3,0
212,0,104188.69,0
376,0,117271.27,0
404,0,47830.32,0
211,0,229333.15,0
236,0,293817.53,0
231,0,74743.08,0
251,0,24448.86,0
403,0,165253.03,0
402,0,169827.93,0
300,0,49254.54,0
298,0,121734.2,0
395,0,338092.24,0
608,0,36927.21,0
204,0,105186.27,0
330,0,16842.96,0
332,0,78290.83,0
637,0,56158.55,0
252,0,153066.79,0
249,0,172506.82,0
262,0,50474.86,0
399,1,52867.55,0
379,0,85568.28,0
394,0,42576.65,0
281,0,57266.07,0
400,0,118711.27,0
394,0,326298.31,0
327,0,57852.57,0
326,0,385422.69,0
420,0,227076.05,0
358,0,11677.21,0
395,0,195787.82,0
372,0,67880.5,0
684,0,86814.72,0
285,0,248769.32,0
260,0,6141.25,0
260,0,162045.95,0
690,0,3453.76,0
596,1,182698.05,0
469,0,51504.65,0
235,0,79807.06,0
396,1,21996.71,0
397,0,565758.01,0
371,0,60145.41,0
403,0,88123.8,0
356,0,116872.87,0
261,0,134246.85,0
478,0,80487.33,0
403,0,26997.68,0
710,0,1085.19,0
595,0,59092.31,0
205,0,60204.07,0
585,0,416174.76,0
131,0,95499.4,0
403,0,177399.73,0
371,0,3220.69,0
382,0,50032.22,0
540,0,134905.93,0
375,0,44539.26,0
393,0,111093.61,0
402,0,253519.08,0
401,0,173440.63,0
347,0,56253.34,0
229,0,441381.51,0
375,0,55911.74,0
404,0,38455.2,0
321,0,23377.11,0
594,0,188552.07,0
304,0,171707.25,0
681,0,364051.17,0
260,0,30460.37,0
373,0,113436.04,0
375,0,133989.57,0
396,0,144836.42,0
595,0,32056.98,0
181,0,229751.97,0
332,0,26266.89,0
397,0,154615.93,0
375,1,98045.24,0
405,0,261656.65,0
355,0,193567.55,0
396,0,84459.68,0
236,0,37282.74,0
228,0,43528.96,0
211,0,72820.99,0
307,0,280909.86,0
403,0,207325.93,0
681,0,198213.27,0
359,1,167988.47,0
350,0,432761.04,0
426,0,211435.74,0
141,0,84531.78,0
378,0,253726.25,0
376,0,279240.07,0
179,0,85336.62,0
401,0,179698.41,0
402,0,367659.36,0
396,0,197537.74,0
329,0,6051.05,0
522,0,292937.99,0
307,0,50798.85,0
371,0,112843.07,0
592,0,59590.62,0
280,0,84870.43,0
137,0,358789.13,0
358,0,21135.07,0
396,0,95065.41,0
401,1,128412.58,0
231,0,126093.04,0
346,0,347433.85,0
184,0,49742.33,0
299,0,50720.69,0
321,0,383158.18,0
595,0,83000.94,0
353,0,19220.08,0
525,0,98388.25,0
325,0,368582.11,0
308,0,173523.9,0
351,0,581640.45,0
354,0,118317.47,0
403,0,85275.03,0
351,0,188657.82,0
350,0,397873.16,0
276,0,93599.32,0
283,0,119470.99,0
202,0,2024.86,0
184,0,366873.88,0
330,0,21981.98,0
184,1,113825.16,0
404,0,78673.59,0
324,0,71422.31,0
374,0,328550.88,0
404,0,51856.28,0
401,0,60262.18,0
476,0,23205.68,0
279,0,197031.33,0
403,0,60528.04,0
423,0,240801.39,0
403,0,96756.69,0
298,0,212779.74,0
332,0,15130.36,0
393,0,224026.59,0
280,0,266243.08,0
347,0,54864.27,0
710,0,545430.77,0
567,0,154361.95,0
406,1,562.01,0
381,0,31359.11,0
307,0,257207.02,0
324,0,134141.6,0
300,0,203384.46,0
592,0,205905.85,0
371,0,241800.19,0
404,0,149286.79,0
393,0,18972.44,0
299,0,50104.63,0
307,0,442932.05,0
322,0,24398.77,0
374,0,280051.35,0
375,0,213445.85,0
592,0,49671.47,0
640,0,304924.3,0
281,0,33710.44,0
179,0,8224.72,0
297,0,25069.48,0
282,0,125592.19,0
351,0,176545.96,0
379,0,244786.91,0
355,0,248863.99,0
327,0,150195.78,0
354,0,1609.13,0
332,0,42772.33,0
563,1,109981.26,0
352,0,594200.19,0
357,0,201453.66,0
691,0,85794.4,0
405,0,107676.45,0
592,0,102929.06,0
331,0,10651.47,0
351,0,26474.46,0
297,0,165671.53,0
181,0,62356.22,0
692,0,7736.21,0
332,0,55288.7,0
259,0,25109.73,0
161,0,12651.74,0
381,0,38347.19,0
401,0,189872.15,0
346,0,13990.83,0
594,0,122480.03,0
301,0,163911.32,0
522,0,184041.73,0
259,0,101997.59,0
371,0,218750.33,0
588,0,85992.13,0
573,0,130903.96,0
380,0,84333.22,0
408,0,76455.62,0
354,0,104488.83,0
405,0,314103.81,0
500,1,42062.36,0
379,0,29049.52,0
522,0,343936.86,0
307,0,8876.96,0
308,0,36143.66,0
346,0,53880.09,0
306,0,19921.36,0
321,0,60614.36,0
394,0,255630.49,0
379,0,158719.4,0
136,0,233487.51,0
403,0,95430.25,0
586,0,240792.86,0
401,0,305290.35,0
141,0,25766.14,0
225,0,8750.11,0
681,0,195271.52,0
375,0,345240.93,0
394,0,277484.38,0
442,1,72808.47,0
355,0,109223.74,0
619,0,90355.67,0
688,0,67147.03,0
404,0,107921.76,0
540,0,66197.86,0
595,0,39880.07,0
402,0,85505.41,0
345,0,5073.99,0
279,0,120362.7,0
688,0,20288.4,0
691,0,87932.54,0
254,0,120680.77,0
592,0,241442.71,0
354,0,186275.8,0
380,0,44202.66,0
540,0,155140.25,0
182,0,117988.19,0
372,0,13944.1,0
370,0,523997.27,0
565,0,209994.69,0
396,0,259669.18,0
299,0,41076.0,0
400,0,332087.22,0
355,0,95428.02,0
329,0,143931.41,0
400,0,393846.71,0
619,0,130223.88,0
352,0,1088.48,0
327,0,175667.22,0
401,0,66885.25,0
403,0,98798.34,0
251,0,74516.97,0
346,0,424004.45,0
377,0,110595.48,0
378,0,61738.6,0
401,0,158726.97,0
327,0,244803.6,0
692,0,94498.74,0
181,0,38951.27,0
401,1,194903.38,0
302,0,227548.12,0
614,0,68043.55,0
370,0,222232.99,0
212,0,22686.7,0
402,0,221884.16,0
353,0,244278.03,0
356,0,41850.74,0
376,0,399233.51,0
378,0,362334.28,0
229,0,36865.81,0
379,0,214273.72,0
518,1,67201.1,0
324,0,513913.45,0
354,0,1143.88,0
329,0,12172.15,0
588,0,158049.07,0
692,0,158691.81,0
250,0,114007.31,0
403,0,6628.26,0
286,0,104887.46,0
332,0,165179.92,0
297,0,44194.91,0
279,0,195939.63,0
332,0,105964.93,0
332,0,82629.9,0
355,0,137853.43,0
251,0,142672.36,0
235,0,265945.23,0
356,0,42711.67,0
359,1,152027.3,0
469,0,177512.04,0
309,0,7232.67,0
351,0,120037.43,0
398,0,16437.3,0
395,0,388348.7,0
279,0,144650.39,0
596,0,211992.01,0
332,0,183571.94,0
403,0,48634.31,0
352,0,8094.07,0
250,0,277035.49,0
328,0,113673.01,0
401,0,362760.97,0
349,0,152910.92,0
371,0,224660.23,0
330,0,74517.13,0
307,0,207829.75,0
669,0,31729.64,0
356,0,129295.02,0
705,0,503852.4,0
403,0,91581.93,0
298,0,115517.31,0
282,0,147820.48,0
355,0,31112.11,0
567,0,140642.82,0
377,0,294375.29,0
377,0,91966.55,0
619,0,75554.0,0
261,0,107445.61,0
371,0,337609.18,0
550,0,52426.16,0
203,0,26826.2,0
356,0,21651.26,0
402,0,221982.76,0
230,0,158228.82,0
301,0,123931.33,0
709,1,85610.95,0
571,0,89135.65,0
235,0,226387.73,0
354,0,3005.74,0
374,0,277446.72,0
283,0,155765.66,0
401,0,484191.38,0
351,0,313090.7,0
278,0,59246.53,0
396,0,101397.52,0
279,0,120213.08,0
227,0,72697.49,0
331,0,33382.88,0
263,0,110968.92,0
522,0,361087.11,0
281,0,130229.48,0
328,0,98445.71,0
369,0,159703.16,0
401,0,67290.54,0
416,0,258287.47,0
259,0,74461.77,0
594,0,361857.23,0
308,0,172526.62,0
566,0,28012.09,0
380,0,125441.13,0
356,0,67489.13,0
371,0,162469.7,0
372,0,112154.32,0
526,0,20698.25,0
656,1,119627.13,0
250,0,166693.8,0
400,0,231898.71,0
348,0,212047.13,0
323,0,361805.76,0
403,0,158276.17,0
687,0,100658.22,0
349,0,95748.92,0
277,0,118657.72,0
381,0,30570.5,0
304,0,160777.55,0
164,0,42895.88,0
303,0,25306.56,0
356,0,35517.26,0
715,0,133929.76,0
349,0,662552.5,0
205,0,216274.57,0
281,0,128532.26,0
157,1,89237.07,0
302,0,33199.15,0
545,0,78038.31,0
305,0,181779.35,0
398,0,19946.8,0
372,0,17761.33,0
177,0,108640.04,0
471,0,67243.18,0
717,0,90314.55,0
299,0,489270.06,0
595,0,23849.49,0
709,0,237582.41,0
324,0,9219.46,0
260,0,36240.71,0
346,0,179559.93,0
302,0,74263.31,0
237,0,125777.05,0
282,1,89610.29,0
688,0,14604.0,0
404,0,69424.35,0
377,0,226404.81,0
299,0,164097.87,0
520,0,115573.01,0
381,0,9681.71,0
404,1,15799.5,0
275,0,115200.34,0
325,0,46314.31,0
303,0,13277.85,0
379,0,83306.84,0
156,0,52447.85,0
321,0,20727.56,0
681,0,14357.84,0
233,0,270352.19,0
257,0,70612.85,0
355,0,203290.2,0
400,0,197656.42,0
596,0,107820.28,0
355,0,44353.01,0
376,0,161999.12,0
283,0,99273.89,0
252,0,171280.83,0
252,0,146529.31,0
377,0,3780.41,0
617,0,6118.3,0
299,0,29325.5,0
396,0,100376.36,0
349,0,313759.1,0
307,0,87381.78,0
500,0,258190.71,0
522,0,48081.09,0
255,0,164705.08,0
374,0,119152.02,0
350,0,401192.89,0
303,0,159936.53,0
181,0,171523.65,0
154,0,74775.62,0
331,0,61713.96,0
334,0,311715.13,0
393,0,111774.92,0
371,0,26250.25,0
323,0,245894.53,0
347,0,383781.12,0
397,0,338701.8,0
403,0,80971.55,0
448,0,105052.58,0
594,0,54090.87,0
188,0,201468.98,0
324,0,19623.06,0
373,0,636950.59,0
399,0,178321.57,0
396,0,182727.98,0
351,0,16148.47,0
637,0,224394.33,0
182,0,41990.92,0
397,0,207892.65,0
212,0,5102.13,0
396,0,86207.56,0
495,0,56121.89,0
394,0,291897.33,0
380,0,155526.93,0
402,0,75271.74,0
590,0,276204.98,0
540,0,459570.1,0
261,1,44458.6,0
355,0,19510.09,0
256,0,184656.89,0
140,0,98362.13,0
225,0,209394.9,0
345,0,119489.5,0
492,0,601104.38,0
398,0,355970.56,0
451,0,82709.79,0
374,0,86702.95,0
349,0,36497.22,0
323,0,62866.3,0
331,0,108882.68,0
209,0,32562.19,0
282,0,41621.68,0
355,0,136990.57,0
284,0,37206.64,0
522,0,481012.87,0
209,0,168029.52,0
331,0,69943.85,0
548,0,204170.88,0
379,0,206753.54,0
567,0,104736.92,0
353,0,176036.58,0
400,0,202272.23,0
619,0,138583.92,0
589,0,264454.16,0
490,0,279414.55,0
354,0,108220.14,0
687,0,277154.66,0
420,0,166045.62,0
405,0,49472.22,0
686,0,371916.81,0
332,0,93731.84,0
416,0,160241.1,0
372,0,312208.46,0
40,0,31437.26,0
351,0,407841.48,0
226,0,164195.65,0
259,0,11650.67,0
373,0,158435.06,0
590,0,271039.07,0
548,0,113485.72,0
399,1,165961.7,0
330,0,195843.05,0
380,0,42293.59,0
589,0,54525.65,0
686,0,74086.67,0
590,0,240905.14,0
258,0,141423.25,0
250,0,205597.62,0
355,0,197488.78,0
309,0,135846.02,0
570,0,33026.04,0
306,0,97921.9,0
327,0,57222.1,0
348,0,184627.11,0
690,0,96193.33,0
306,0,157201.09,0
327,0,175561.76,0
522,0,57570.67,0
380,0,243035.35,0
334,0,271956.28,0
202,0,11954.04,0
692,0,73438.9,0
400,0,161042.25,0
324,0,34974.57,0
354,0,152207.39,0
353,0,177759.66,0
404,0,169923.43,0
371,0,158687.78,0
404,0,5738.93,0
236,0,256448.01,0
376,0,174204.12,0
544,0,188701.21,0
377,0,29949.78,0
478,0,77852.41,0
374,0,91596.79,0
372,0,261893.25,0
370,0,6049.42,0
404,0,50277.36,0
325,0,213346.18,0
373,0,13325.99,0
588,0,181141.82,0
565,0,76676.02,0
595,0,52654.66,0
345,0,35068.06,0
306,0,100010.38,0
545,0,576316.45,0
354,0,169001.07,0
259,0,66242.59,0
281,0,139473.73,0
372,0,247351.58,0
307,0,325029.93,0
397,0,320701.33,0
331,0,203716.0,0
324,0,500399.29,0
380,0,110327.11,0
300,0,18628.02,0
380,0,4253.15,0
331,0,316.6,0
328,0,430505.14,0
349,0,317003.1,0
354,0,45199.58,0
303,1,168968.31,0
589,0,414960.43,0
349,0,12751.69,0
354,0,232919.63,0
159,0,503270.99,0
259,0,182613.77,0
592,0,179638.5,0
355,0,336852.82,0
302,0,116263.3,0
514,0,142480.55,0
399,0,58881.56,0
253,0,135238.31,0
331,0,203357.62,0
372,0,156849.48,0
595,0,7980.16,0
661,0,345472.6,0
374,0,179129.45,0
596,0,139534.13,0
327,0,116597.77,0
350,0,246273.29,0
282,0,28504.59,0
590,0,122700.27,0
525,0,72650.37,0
284,0,15230.39,0
275,0,66787.77,0
326,0,60156.34,0
548,0,2797.36,0
594,0,71885.02,0
546,0,215736.6,0
373,0,65435.58,0
401,0,123071.13,0
187,0,6853.32,0
278,0,129267.55,0
346,0,209292.81,0
335,1,135491.08,0
236,1,189964.47,0
355,0,60994.97,0
619,0,75389.57,0
545,0,328839.32,0
714,0,210704.45,0
589,0,82822.75,0
403,0,152140.26,0
403,0,205807.04,0
617,0,15893.62,0
684,0,198771.74,0
448,0,232568.21,0
400,0,155639.39,0
371,0,74836.94,0
333,0,223773.56,0
399,0,184912.34,0
402,0,180252.9,0
329,0,616.37,0
401,0,106764.28,0
637,0,39249.65,0
325,0,121109.46,0
355,0,21947.16,0
259,0,24683.74,0
381,1,86176.68,0
401,0,154418.49,0
617,0,20565.25,0
400,0,53858.36,0
331,0,141258.3,0
403,0,138069.37,0
251,0,222549.55,0
346,0,4169.88,0
404,0,255205.65,0
691,0,180980.65,0
420,0,459750.15,0
379,0,98948.9,0
249,0,305126.4,0
275,0,7975.82,0
306,0,102338.6,0
599,0,27341.86,0
374,0,470325.97,0
321,0,4297.83,0
347,0,5025.89,0
187,0,98025.26,0
379,0,4242.5,0
207,0,63610.28,0
298,0,108327.83,0
396,1,141166.05,0
687,0,5907.42,0
661,0,132518.32,0
399,0,294304.28,0
405,1,180627.14,0
370,0,376029.93,0
379,0,90405.35,0
379,0,41814.97,0
396,0,217794.61,0
379,0,39361.89,0
279,0,2766.48,0
595,0,222853.93,0
372,0,222256.37,0
380,0,121839.22,0
376,0,18736.59,0
350,0,151767.89,0
396,0,97498.43,0
307,0,16972.55,0
375,0,278200.0,0
371,0,64909.61,0
379,0,13392.42,0
452,0,6609.46,0
571,0,213598.4,0
403,0,4262.35,0
374,0,220743.52,0
373,0,88986.81,0
356,0,67576.4,0
356,0,167809.84,0
547,0,192454.24,0
285,0,128306.62,0
45,0,97301.39,0
401,0,147634.62,0
401,0,93423.79,0
354,0,480.29,0
692,0,115036.67,0
236,0,14231.37,0
40,0,145444.84,0
354,0,113843.58,0
514,0,330723.85,0
565,0,14854.19,0
283,0,38454.65,0
230,0,106764.35,0
371,0,388041.91,0
379,0,60128.07,0
357,1,34147.24,0
283,0,127137.41,0
692,0,3468.17,0
378,0,81823.11,0
688,0,134986.98,0
370,0,134168.06,0
356,0,197995.21,0
370,0,190701.9,0
374,0,186531.66,0
402,0,316036.92,0
345,0,227051.54,0
371,0,215046.31,0
330,0,207595.7,0
573,0,63052.68,0
571,0,133107.37,0
378,0,102383.56,0
135,0,11533.63,0
325,0,20067.36,0
225,0,138746.71,0
164,0,229263.72,0
348,0,280909.6,0
540,1,137443.9,0
329,0,19553.5,0
346,0,62685.66,0
692,0,37655.76,0
139,0,84917.86,0
394,0,157795.74,0
165,0,153009.63,0
402,0,226441.58,0
323,0,67520.67,0
347,0,26277.54,0
377,0,96504.2,0
134,0,10792.09,0
355,0,78282.12,0
402,0,266149.96,0
393,0,87021.66,0
369,0,70120.43,0
487,1,17255.77,0
380,0,178606.04,0
377,0,416763.64,0
309,0,30631.3,0
42,0,40348.4,0
349,0,295858.38,0
349,0,16685.27,0
715,0,73168.28,0
375,0,267392.99,0
348,0,18516.97,0
403,0,117255.54,0
694,0,29501.5,0
280,1,38468.61,0
347,0,30003.77,0
637,0,133975.49,0
398,0,176038.66,0
667,0,5260.65,0
490,0,338497.28,0
380,0,22107.04,0
350,0,208505.71,0
305,0,110627.07,0
236,0,106189.86,0
571,0,2839.69,0
599,0,171371.1,0
355,0,49568.67,0
396,0,54438.67,0
346,0,243782.44,0
717,0,218492.02,0
686,0,168981.73,0
313,1,54841.51,0
394,0,25253.71,0
691,0,135183.16,0
399,0,83448.2,0
403,1,146610.1,0
232,0,231811.53,0
687,0,174002.48,0
404,0,32512.25,0
356,0,85032.17,0
449,0,267444.75,0
448,0,59906.44,0
327,0,241068.66,0
403,1,119186.99,0
159,0,147692.5,0
324,0,428856.47,0
322,0,256633.58,0
306,0,22530.63,0
324,0,259285.35,0
276,0,150924.76,0
397,0,316112.89,0
283,0,177355.55,0
402,0,192295.88,0
324,0,149632.53,0
323,0,222783.36,0
405,0,20459.18,0
274,0,25878.66,0
396,0,23727.89,0
211,0,231585.51,0
402,0,94929.6,0
397,0,360149.71,0
691,0,102760.91,0
397,0,85285.82,0
563,0,209369.03,0
661,0,616489.41,0
278,0,148742.78,0
274,0,153508.23,0
661,0,71348.33,0
349,0,172802.47,0
259,0,73252.87,0
282,0,34003.73,0
420,0,69836.79,0
306,0,31357.97,0
522,0,230684.1,0
589,0,247752.4,0
525,1,84535.92,0
301,0,292303.9,0
259,0,153016.07,0
373,0,177233.21,0
334,0,62369.33,0
162,0,30172.67,0
298,0,151038.23,0
354,0,41957.15,0
514,0,298656.27,0
236,0,38605.52,0
355,0,230147.11,0
690,0,281728.66,0
157,0,45851.35,0
331,0,89254.18,0
442,0,34534.13,0
442,1,130691.66,0
404,0,42034.55,0
349,0,393497.42,0
325,0,73961.01,0
352,0,408308.8,0
352,0,191365.95,0
374,0,120571.4,0
710,0,411536.34,0
395,0,275341.84,0
327,0,115997.11,0
687,0,38773.84,0
306,0,346672.77,0
328,0,401896.57,0
323,0,154380.76,0
350,0,204102.06,0
617,0,225029.45,0
207,0,100350.77,0
346,0,764530.87,0
323,0,124195.16,0
681,0,369342.46,0
395,0,114369.54,0
327,0,77198.67,0
380,0,156239.99,0
180,0,24769.79,0
305,0,31584.06,0
522,0,162606.96,0
281,0,35147.38,0
230,0,128349.19,0
379,0,30014.89,0
374,0,108887.51,0
206,1,104824.66,0
284,0,85128.32,0
326,0,2804.25,0
393,0,315489.3,0
617,0,255183.4,0
307,0,262097.2,0
157,0,7122.84,0
351,1,12644.71,0
250,0,160737.38,0
403,0,418440.96,0
547,0,158917.62,0
688,0,270898.52,0
398,0,221525.72,0
323,0,320276.33,0
372,0,61651.98,0
235,0,99570.55,0
225,0,126590.11,0
404,0,43571.04,0
234,0,237703.47,0
284,0,179695.7,0
300,0,378136.68,0
375,0,10862.96,0
263,1,40221.74,0
43,0,90357.15,0
546,0,385733.1,0
469,0,116151.05,0
306,0,70085.77,0
139,0,47790.88,0
348,0,38487.43,0
304,0,11052.98,0
253,0,169123.3,0
403,0,248906.7,0
376,0,101685.42,0
369,0,538027.94,0
284,0,95377.77,0
405,0,245388.59,0
540,0,329734.81,0
279,0,80488.11,0
540,0,210329.97,0
590,0,148036.33,0
260,1,16092.14,0
396,0,116495.26,0
402,0,3937.64,0
684,0,58838.04,0
378,0,126639.56,0
308,0,157816.27,0
404,0,103343.66,0
165,0,138761.97,0
612,0,94800.3,0
379,0,9230.92,0
525,0,29495.51,0
524,0,238903.17,0
395,0,268652.13,0
331,0,115235.38,0
378,0,2866.23,0
525,0,73334.58,0
205,0,369484.24,0
308,0,55776.39,0
522,0,216500.65,0
331,0,143929.76,0
370,0,431490.63,0
403,0,28458.66,0
257,1,48720.81,0
370,0,663375.73,0
378,0,104454.12,0
373,0,229833.97,0
426,0,31784.2,0
469,0,13326.36,0
278,0,73051.41,0
183,0,233326.35,0
691,0,75837.83,0
394,0,128479.27,0
404,0,77255.1,0
405,0,142442.97,0
490,0,249442.48,0
564,0,176641.07,0
307,0,102407.72,0
349,0,367087.93,0
403,0,170875.81,0
327,0,10040.93,0
235,0,8220.2,0
325,0,14080.58,0
308,0,169409.22,0
396,0,386151.04,0
664,0,252274.21,0
517,0,247941.47,0
522,0,380959.33,0
397,0,503297.83,0
347,0,121243.41,0
207,0,141891.36,0
345,0,139054.21,0
345,0,9495.42,0
328,0,34711.72,0
354,0,186834.89,0
354,0,167506.22,0
376,0,10210.2,0
379,0,204056.29,0
402,0,61249.06,0
345,0,22889.18,0
278,0,40897.62,0
402,0,112067.31,0
594,0,148866.96,0
284,0,41148.05,0
399,0,25576.76,0
285,0,136736.15,0
715,0,225502.45,0
401,0,116791.5,0
282,1,137910.08,0
308,0,140520.73,0
595,0,224131.58,0
371,0,377217.49,0
345,0,165119.18,0
408,0,79467.8,0
540,0,71871.39,0
370,0,150895.56,0
681,0,90257.35,0
426,0,8521.27,0
354,0,223043.78,0
397,0,270204.33,0
538,0,136342.85,0
350,0,134232.45,0
348,0,333591.09,0
354,0,71598.61,0
402,0,72025.73,0
381,0,117334.53,0
372,0,45905.4,0
429,0,152814.87,0
346,0,233467.61,0
349,0,59314.79,0
324,0,13989.35,0
393,0,367568.02,0
378,0,21013.83,0
546,0,384933.38,0
400,0,30122.32,0
378,0,212062.71,0
307,0,18759.87,0
306,0,328776.11,0
396,0,7888.4,0
684,0,345001.89,0
330,0,190860.34,0
332,0,202942.32,0
589,0,163671.08,0
396,0,213821.53,0
329,0,404858.34,0
398,0,108383.28,0
306,0,85214.22,0
230,0,169596.25,0
379,0,265456.57,0
375,0,210800.0,0
324,0,47697.6,0
692,0,13026.57,0
404,0,47920.8,0
345,0,174566.53,0
378,0,113295.17,0
614,1,174063.37,0
538,0,421742.96,0
394,0,142485.27,0
355,0,238277.5,0
540,0,305846.12,0
396,0,89631.29,0
41,0,41652.88,0
278,0,86007.74,0
715,0,270081.83,0
250,0,73319.52,0
382,0,66091.18,0
284,0,18411.84,0
282,0,35035.97,0
403,0,166809.53,0
544,0,437538.05,0
690,0,392305.79,0
163,0,133698.04,0
277,0,89906.75,0
394,0,61330.26,0
306,0,125501.62,0
595,0,107782.14,0
274,0,49013.8,0
253,0,193391.58,0
716,0,372307.47,0
370,0,114101.84,0
284,0,117056.81,0
546,0,14009.27,0
299,0,122422.78,0
490,0,23155.88,0
715,0,248667.6,0
545,0,9520.33,0
349,0,103777.59,0
520,0,128324.3,0
328,0,272409.64,0
399,0,198960.6,0
403,0,159604.28,0
451,0,33573.42,0
394,0,292420.3,0
376,0,255345.78,0
227,0,280516.44,0
403,0,340961.16,0
588,0,40856.2,0
255,0,231590.6,0
353,0,321223.74,0
408,1,125757.48,0
393,0,44444.09,0
130,0,183303.07,0
234,0,112676.2,0
307,0,152877.7,0
257,0,16457.16,0
371,0,215178.36,0
396,0,142395.42,0
401,0,279294.89,0
546,0,76004.26,0
356,0,314410.69,0
397,0,514044.86,0
379,0,37665.73,0
275,0,291686.73,0
139,0,59100.92,0
347,0,119886.15,0
370,0,44158.68,0
211,0,33445.39,0
284,0,107721.5,0
686,0,547824.02,0
327,0,299744.75,0
401,0,374580.6,0
715,0,89372.51,0
330,0,176187.28,0
379,0,136310.52,0
322,0,10058.06,0
259,0,335699.85,0
374,0,104590.6,0
183,0,73958.99,0
401,0,62920.03,0
181,0,381126.75,0
327,0,193949.89,0
370,0,188370.23,0
404,0,164567.47,0
595,0,324402.26,0
356,0,259950.04,0
397,0,97778.0,0
155,0,489371.41,0
184,0,47367.0,0
370,0,113535.47,0
258,0,8548.99,0
545,0,65979.92,0
282,1,89332.59,0
235,0,55722.24,0
396,0,281879.21,0
380,0,200036.29,0
373,0,622406.23,0
374,0,4243.02,0
378,0,235816.24,0
376,0,507319.49,0
354,0,7109.47,0
322,0,387275.25,0
333,0,175546.57,0
281,0,196127.86,0
376,0,49434.25,0
371,0,303197.71,0
393,0,302280.2,0
538,0,223252.34,0
350,0,136718.03,0
236,0,134801.59,0
332,0,139406.48,0
595,0,176389.15,0
285,0,256498.66,0
352,0,140034.33,0
309,0,145901.36,0
596,0,177054.79,0
372,0,97196.02,0
332,0,2471.31,0
449,0,232625.2,0
621,0,143045.12,0
377,0,281228.9,0
331,0,145181.14,0
281,0,30504.67,0
324,0,232115.45,0
329,0,85233.8,0
254,0,33126.2,0
321,0,3981.5,0
393,0,50975.44,0
431,1,185559.12,0
213,0,27104.85,0
404,0,75389.31,0
348,0,220450.39,0
684,0,46341.89,0
404,1,39172.17,0
378,0,135311.06,0
231,0,279963.15,0
451,0,28537.85,0
281,1,144538.63,0
210,0,59415.71,0
327,0,85336.97,0
403,0,174874.61,0
522,0,291155.77,0
404,0,85207.74,0
283,0,100333.47,0
398,0,251590.2,0
235,0,199199.87,0
522,0,30162.51,0
326,0,242841.8,0
281,0,39114.64,0
400,0,136952.61,0
476,0,48884.32,0
681,0,62227.51,0
326,0,10002.28,0
514,0,239370.02,0
373,0,263731.1,0
394,0,206103.28,0
256,0,278652.0,0
331,0,83037.59,0
331,0,170270.44,0
351,0,8319.24,0
321,0,157865.34,0
284,0,79117.57,0
375,0,83696.39,0
251,1,182675.87,0
352,0,266095.01,0
350,0,173781.61,0
596,1,82450.88,0
402,0,334977.19,0
307,0,145462.19,0
155,0,132169.73,0
393,0,51199.34,0
351,0,152545.78,0
349,0,318136.12,0
694,1,168291.9,0
281,0,57051.99,0
401,0,441398.72,0
691,0,325720.1,0
256,0,100131.92,0
352,0,106579.14,0
306,0,159945.39,0
596,0,15696.93,0
349,0,400716.93,0
373,0,125524.27,0
399,0,210163.86,0
595,0,6571.58,0
401,0,148034.28,0
404,0,16122.46,0
407,0,72023.73,0
329,0,45590.84,0
637,0,406177.89,0
347,0,301715.1,0
420,0,198260.83,0
307,0,11381.05,0
379,0,85279.79,0
355,0,3624.76,0
396,0,227769.66,0
379,0,246771.03,0
372,0,142727.08,0
263,0,10416.75,0
354,0,298611.43,0
402,0,73386.35,0
596,0,24295.04,0
381,1,125231.8,0
542,0,112244.73,0
327,0,11227.11,0
332,0,178122.17,0
567,0,23778.92,0
379,0,219313.7,0
229,0,103956.72,0
396,0,32761.31,0
684,0,140306.4,0
356,0,360381.39,0
302,0,19582.47,0
183,0,117447.11,0
375,0,15936.97,0
327,0,110464.16,0
370,0,105470.39,0
307,0,59529.48,0
565,0,62147.37,0
522,0,157951.01,0
331,0,212636.64,0
260,0,2445.05,0
157,0,180030.32,0
374,0,80012.47,0
644,0,2111.5,0
406,0,244216.61,0
254,0,121368.85,0
716,0,27156.29,0
589,0,50024.72,0
346,0,40354.55,0
369,0,380141.25,0
281,0,23918.28,0
400,0,177054.92,0
332,0,41307.45,0
393,0,85362.23,0
492,0,133765.24,0
350,0,288853.23,0
377,0,98855.17,0
423,0,474752.68,0
249,0,51721.7,0
19,0,65732.63,0
398,0,252494.82,0
617,0,100644.65,0
327,0,116.37,0
469,0,68108.23,0
522,0,151669.58,0
352,0,310750.86,0
204,0,50385.57,0
547,0,124679.54,0
595,0,168258.12,0
375,0,273475.6,0
275,0,35470.19,0
282,0,290668.15,0
379,0,50431.8,0
396,0,3226.69,0
305,0,447685.65,0
324,0,22640.91,0
280,0,149558.91,0
661,0,235137.88,0
376,0,149849.07,0
369,0,275027.02,0
379,0,13614.54,0
393,0,43485.38,0
355,0,129775.73,0
355,0,208942.37,0
406,0,95472.13,0
396,0,191164.15,0
279,0,129019.0,0
304,0,245266.06,0
681,0,239551.97,0
300,0,76683.96,0
322,0,71280.0,0
257,0,211092.59,0
260,0,2841.35,0
332,0,160394.18,0
397,0,415185.65,0
355,0,187675.75,0
402,0,262605.97,0
355,0,7383.49,0
398,0,80375.24,0
393,0,235507.57,0
329,0,85853.2,0
234,0,163865.81,0
589,0,86972.5,0
400,0,293785.53,0
374,0,264079.89,0
348,0,183721.9,0
283,0,131052.18,0
207,0,175249.5,0
401,0,316907.2,0
307,0,26847.82,0
567,0,28082.81,0
350,0,137883.67,0
522,0,153127.63,0
183,0,54408.18,0
400,0,184295.64,0
402,0,324340.51,0
396,0,60134.82,0
378,0,96346.36,0
614,0,144755.98,0
394,0,87449.37,0
310,0,22091.96,0
324,0,112985.2,0
304,0,241285.45,0
614,0,165934.18,0
398,0,166514.0,0
281,0,370451.06,0
36,0,276925.96,0
347,0,263136.96,0
275,0,80516.66,0
396,0,320562.15,0
403,0,1698.21,0
328,0,136611.97,0
259,0,138729.88,0
565,0,83780.79,0
323,0,44289.1,0
688,0,397963.73,0
404,0,97205.25,0
323,0,144323.37,0
353,0,1311.78,0
232,1,27566.43,0
394,0,288933.54,0
232,0,36411.41,0
308,0,306054.06,0
302,0,270883.81,0
405,0,33307.04,0
687,0,66189.04,0
594,0,131606.5,0
356,0,33656.28,0
406,0,152982.32,0
380,0,183280.37,0
400,0,140355.5,0
226,0,95611.64,0
331,0,12033.78,0
372,0,69735.86,0
308,0,231896.75,0
377,0,131663.18,0
588,0,223408.43,0
399,0,154151.12,0
375,0,217962.75,0
376,0,494223.11,0
403,0,371834.1,0
355,0,106310.19,0
395,0,92855.06,0
375,0,191034.53,0
379,0,68196.71,0
379,0,31457.64,0
522,0,239097.52,0
495,0,447470.34,0
329,0,178553.56,0
382,0,515124.67,0
303,0,460915.0,0
351,0,322684.15,0
298,0,7229.32,0
213,0,3510.94,0
355,0,218088.97,0
304,0,32956.44,0
398,0,9401.43,0
335,0,76634.56,0
564,0,217247.76,0
352,0,138384.17,0
262,0,40121.81,0
574,0,60441.86,0
306,0,92300.17,0
379,0,156163.4,0
377,0,186207.25,0
308,0,6020.71,0
348,0,87500.09,0
405,0,133551.83,0
398,0,75659.37,0
522,0,22646.52,0
299,0,52766.16,0
252,1,122080.01,0
309,0,34033.29,0
379,0,52286.95,0
403,0,47152.38,0
402,0,47948.1,0
235,0,108315.84,0
394,0,91850.61,0
257,0,91538.87,0
299,0,29114.36,0
403,0,135035.41,0
302,0,117560.9,0
691,0,49710.34,0
372,0,50810.31,0
377,0,167318.59,0
403,0,96866.97,0
330,0,57747.92,0
350,0,267496.53,0
399,0,247224.24,0
565,0,413408.64,0
688,0,101115.6,0
306,0,215698.2,0
349,0,189108.42,0
231,0,95453.45,0
661,0,173722.61,0
162,0,380435.04,0
564,0,374616.97,0
350,0,234673.28,0
370,0,309815.82,0
403,0,328529.17,0
307,0,23111.65,0
401,0,79396.78,0
329,0,1353.81,0
404,0,183178.97,0
282,0,99278.27,0
305,0,173655.67,0
403,1,167909.34,0
401,0,144934.86,0
586,0,517718.03,0
401,0,545634.9,0
612,0,158889.07,0
327,0,23770.94,0
401,0,107559.72,0
304,0,682129.65,0
259,0,52954.54,0
328,0,38109.21,0
359,0,72783.97,0
258,1,35380.7,0
398,0,36974.85,0
139,0,29202.56,0
396,0,454756.54,0
373,0,328435.45,0
353,0,91958.18,0
394,0,38923.0,0
375,1,52460.28,0
372,0,386691.81,0
379,0,2478.89,0
351,0,25246.73,0
476,0,36306.79,0
347,0,103395.31,0
250,0,58888.0,0
322,0,140837.84,0
357,0,89516.62,0
259,0,97551.41,0
395,0,92101.14,0
282,0,176121.7,0
345,0,26683.22,0
548,0,228633.93,0
380,0,242450.82,0
184,0,36549.16,0
592,0,54751.14,0
428,1,3188.24,0
229,0,355365.27,0
451,0,16469.63,0
399,0,20951.01,0
287,0,71720.1,0
574,0,56657.79,0
405,0,81690.57,0
403,0,51692.54,0
235,0,217.54,0
563,0,52442.44,0
352,0,26454.97,0
207,0,351906.2,0
378,0,61388.92,0
403,0,53058.73,0
251,0,284406.44,0
379,0,73287.36,0
355,0,1501.46,0
405,0,121780.5,0
596,1,145413.96,0
304,0,124089.24,0
331,0,295423.54,0
500,0,16265.26,0
400,0,9805.31,0
347,0,36146.1,0
237,0,81253.69,0
518,0,273765.05,0
378,0,60582.82,0
371,0,577432.53,0
404,0,81721.97,0
331,0,320953.71,0
308,0,19866.57,0
690,0,139454.06,0
399,0,94229.18,0
346,0,196136.91,0
227,0,13119.83,0
324,0,110457.76,0
402,0,356088.04,0
210,0,281546.64,0
397,0,340878.47,0
346,0,197010.95,0
260,0,42867.22,0
328,0,116691.2,0
236,0,188623.37,0
282,0,50981.17,0
395,0,239789.69,0
398,0,175434.62,0
596,0,43700.21,0
325,0,199478.87,0
284,0,19572.51,0
396,0,90614.65,0
380,0,159916.1,0
378,0,23127.16,0
329,0,159806.4,0
692,1,54196.34,0
279,0,103872.13,0
406,0,192240.03,0
307,0,45143.56,0
370,0,77984.54,0
401,0,219477.31,0
380,0,200978.97,0
331,0,131753.31,0
617,0,107703.35,0
205,0,203490.11,0
348,0,112946.57,0
379,0,50411.52,0
322,0,300089.08,0
403,0,94934.61,0
670,0,88489.31,0
347,0,109767.72,0
352,0,272402.0,0
162,0,63519.51,0
396,0,135827.43,0
347,0,147023.14,0
375,0,157173.63,0
162,0,87701.32,0
378,0,39162.23,0
301,0,230772.85,0
399,0,371102.41,0
355,0,228079.71,0
211,0,3253.58,0
522,0,118581.79,0
690,0,191271.66,0
661,0,549676.62,0
308,0,69460.39,0
402,0,47474.41,0
376,0,206527.92,0
377,0,216182.38,0
681,0,467035.66,0
357,1,44811.92,0
375,0,140129.33,0
420,0,30764.74,0
330,0,326749.74,0
469,0,292408.03,0
403,0,257790.83,0
640,0,74850.3,0
259,1,132802.76,0
309,0,56570.54,0
283,0,220428.49,0
589,0,285030.27,0
41,0,45694.46,0
565,0,428798.93,0
303,0,236909.3,0
422,0,79962.39,0
705,0,113287.46,0
661,0,372296.42,0
544,0,299601.37,0
492,0,77475.41,0
180,0,17291.43,0
380,0,203818.66,0
378,0,155069.22,0
253,0,52816.26,0
540,0,293271.32,0
211,0,13889.39,0
375,0,131785.25,0
300,0,282757.01,0
397,0,111424.16,0
589,0,504847.29,0
355,0,245809.35,0
395,0,243951.26,0
372,0,519532.48,0
301,0,127788.27,0
687,0,210743.15,0
379,0,4933.74,0
404,0,183814.59,0
612,0,130936.94,0
406,1,91579.58,0
331,0,17118.03,0
281,0,65408.44,0
229,0,258343.43,0
396,0,115524.53,0
307,0,151508.9,0
369,0,371272.32,0
656,0,158043.89,0
281,0,191974.25,0
522,0,110994.02,0
469,0,35886.12,0
420,0,461944.03,0
374,1,97095.52,0
469,0,271153.43,0
180,0,1145.82,0
375,0,7680.14,0
260,0,15232.61,0
236,0,104749.14,0
300,0,118658.47,0
403,0,4038.16,0
332,0,104346.77,0
327,0,19741.8,0
394,0,10992.73,0
300,0,243130.75,0
394,0,209997.58,0
526,0,253783.31,0
281,0,192450.51,0
181,0,196035.54,0
400,0,48141.66,0
399,0,146919.78,0
520,0,207769.22,0
234,0,17279.28,0
188,1,73468.02,0
297,0,5530.67,0
330,0,88385.7,0
586,0,287928.76,0
277,0,80814.34,0
397,0,66962.68,0
38,0,127381.7,0
688,0,274260.91,0
546,0,5015.03,0
379,0,56918.61,0
393,0,134280.38,0
394,0,314506.8,0
397,0,64927.75,0
404,0,20013.16,0
514,0,435750.84,0
428,0,11278.74,0
212,0,149695.56,0
207,0,67216.08,0
542,0,452831.38,0
379,0,83512.17,0
492,0,154662.28,0
280,0,56757.87,0
226,0,24115.37,0
264,0,252299.72,0
237,0,584.89,0
380,0,11747.42,0
548,0,129384.11,0
378,0,135168.07,0
514,0,161655.82,0
451,0,86573.49,0
402,0,73217.07,0
522,0,178582.15,0
404,0,75533.32,0
403,1,50303.66,0
349,0,34116.86,0
326,0,150446.52,0
379,0,93087.95,0
229,0,507512.89,0
552,0,146697.32,0
451,0,202848.73,0
328,0,57815.61,0
490,0,187246.65,0
324,0,6120.39,0
681,0,147418.94,0
380,0,123509.8,0
161,0,162458.34,0
404,0,96548.15,0
394,0,288224.09,0
686,0,39539.6,0
355,0,31705.07,0
375,0,198100.04,0
326,0,72835.42,0
404,0,100063.84,0
474,0,227750.34,0
400,0,274388.62,0
404,0,42381.68,0
404,0,163799.82,0
345,0,141262.26,0
377,0,52897.78,0
250,0,145384.53,0
380,0,122929.77,0
238,0,32474.35,0
301,0,161315.69,0
277,0,294678.53,0
404,0,144067.69,0
399,0,114946.8,0
182,0,180750.35,0
235,0,226407.5,0
346,0,280434.37,0
661,0,132968.76,0
323,0,23299.29,0
401,0,188024.03,0
371,0,412918.9,0
705,0,12930.88,0
202,0,15012.7,0
566,0,186285.22,0
474,0,150319.28,0
573,0,127995.11,0
403,0,305828.52,0
500,0,80517.81,0
302,0,274428.74,0
331,0,310690.69,0
612,0,234361.26,0
370,0,199940.02,0
664,0,385805.12,0
351,0,216818.9,0
232,0,146038.1,0
323,0,88844.26,0
518,0,295042.7,0
397,0,299841.27,0
380,0,15449.8,0
590,0,216783.62,0
589,0,162712.33,0
563,0,455603.54,0
261,0,36982.28,0
327,0,153592.53,0
595,0,283433.09,0
518,0,225066.81,0
308,0,60238.59,0
377,0,39875.75,0
355,0,72277.76,0
306,0,260055.8,0
403,0,118619.4,0
331,0,123994.65,0
300,0,129621.19,0
236,0,46918.46,0
395,0,287730.96,0
595,0,119795.12,0
376,0,115942.58,0
595,0,23685.67,0
402,0,117812.09,0
394,0,304474.09,0
400,0,102727.89,0
352,1,43269.09,0
131,0,94686.63,0
691,0,209240.91,0
275,0,56410.04,0
41,0,82543.29,0
378,0,180605.53,0
373,0,71646.29,0
490,0,175160.7,0
139,0,44024.5,0
381,0,47953.24,0
327,0,466078.64,0
684,0,291284.2,0
249,0,163780.93,0
253,0,90195.45,0
525,0,86475.69,0
331,0,154213.19,0
328,0,415948.67,0
401,0,29498.47,0
299,0,155185.52,0
284,0,16778.29,0
227,0,44881.35,0
598,0,88704.57,0
571,0,15590.36,0
284,0,58304.45,0
548,0,54265.13,0
400,0,39147.19,0
348,0,64228.75,0
277,0,67504.77,0
378,0,215720.85,0
378,0,35430.85,0
375,0,329864.3,0
349,0,49103.76,0
350,0,135714.89,0
326,1,118769.95,0
309,0,33463.63,0
353,0,268154.4,0
405,0,37947.69,0
155,0,279422.84,0
324,0,62827.24,0
202,0,113241.34,0
353,0,192650.11,0
302,0,208913.06,0
594,0,109789.57,0
429,0,214233.81,0
257,0,61217.21,0
398,0,145261.85,0
596,0,67079.35,0
259,0,5774.83,0
282,0,113313.97,0
715,0,99619.19,0
278,0,78056.98,0
281,0,81364.22,0
306,0,55119.09,0
330,0,450663.77,0
401,0,238536.03,0
548,0,120922.26,0
546,0,173710.56,0
376,0,49840.32,0
323,0,7279.46,0
349,0,176649.58,0
404,0,301926.15,0
469,0,263870.6,0
712,0,218504.41,0
307,0,78778.05,0
540,1,133623.67,0
709,0,313379.04,0
297,0,110391.58,0
612,0,37004.04,0
348,0,250700.79,0
522,0,446898.48,0
278,0,6330.71,0
372,0,39955.46,0
235,0,3415.22,0
397,0,47994.64,0
284,0,10393.22,0
300,0,25343.37,0
306,0,1829.69,0
586,0,193824.94,0
164,0,184211.7,0
260,0,13750.59,0
356,0,23628.91,0
395,0,59952.1,0
159,0,174202.01,0
330,0,298730.77,0
403,0,32675.53,0
211,0,46745.37,0
514,0,14396.06,0
374,0,31351.63,0
369,0,136628.64,0
332,0,11114.52,0
380,0,6436.14,0
371,0,648025.24,0
332,0,16323.8,0
355,0,124889.53,0
303,0,24259.43,0
351,0,172895.48,0
397,0,236094.22,0
595,0,93552.03,0
370,0,400774.11,0
404,1,67170.9,0
349,0,285102.96,0
336,0,182025.25,0
280,0,149921.57,0
715,0,159299.91,0
374,0,194988.62,0
380,0,45701.94,0
249,0,70008.84,0
283,0,85464.33,0
278,0,138679.04,0
377,0,404939.98,0
691,0,15830.49,0
585,0,68415.72,0
256,0,247758.61,0
403,0,91661.91,0
567,0,426346.64,0
548,0,24514.19,0
401,0,172922.07,0
257,0,178474.83,0
394,1,26897.23,0
590,1,107517.81,0
394,0,175268.34,0
401,0,123573.7,0
347,0,261726.01,0
37,0,254221.54,0
322,0,177026.25,0
405,0,122561.4,0
207,0,109561.37,0
375,0,130775.84,0
279,0,159872.99,0
305,0,66789.21,0
379,0,8172.28,0
303,0,121010.22,0
178,0,194547.18,0
206,0,13827.76,0
283,0,24009.25,0
256,0,72478.19,0
188,0,127988.53,0
209,0,105207.33,0
598,0,251613.28,0
323,0,286508.6,0
398,0,123919.21,0
326,0,301285.64,0
372,0,66103.64,0
305,0,7928.69,0
331,0,172361.95,0
403,0,180340.96,0
355,0,218720.79,0
327,0,365491.98,0
372,0,35680.41,0
278,0,200207.39,0
474,0,211755.36,0
401,0,450687.99,0
500,1,39068.06,0
156,1,77012.49,0
283,0,48704.5,0
566,0,493867.11,0
328,0,157170.79,0
355,0,255821.65,0
330,0,49562.02,0
356,0,328483.96,0
325,0,7912.54,0
250,0,330435.3,0
408,0,337183.02,0
236,0,207029.86,0
350,0,98452.6,0
376,0,152621.19,0
374,0,369282.63,0
563,0,130286.92,0
351,0,350734.66,0
610,0,31586.11,0
402,0,211041.52,0
301,0,329950.93,0
372,0,142985.69,0
544,0,67134.4,0
403,0,91822.09,0
304,0,110899.57,0
324,0,132955.38,0
207,0,125440.16,0
347,0,12641.2,0
251,0,90936.9,0
393,0,2804.11,0
569,0,138337.06,0
306,0,14219.29,0
352,0,233803.02,0
327,0,179330.17,0
684,0,121113.61,0
345,0,83671.41,0
400,0,183570.14,0
285,0,181082.07,0
254,0,12972.45,0
540,0,28927.48,0
500,0,73548.09,0
371,0,203365.03,0
347,0,405746.87,0
404,0,162350.92,0
276,0,174567.81,0
398,0,173736.98,0
354,0,125587.49,0
304,0,131121.39,0
254,0,216225.92,0
403,0,55355.76,0
394,0,271509.09,0
381,0,29598.6,0
690,0,103563.79,0
397,0,91639.0,0
330,0,39281.87,0
301,0,32550.1,0
251,0,199551.68,0
402,0,369631.31,0
299,0,241536.89,0
401,0,11791.54,0
347,0,413778.75,0
355,0,53898.55,0
212,0,19669.85,0
687,0,34136.13,0
596,1,47566.37,0
231,0,216545.78,0
306,1,74777.04,0
394,0,136569.1,0
621,0,213729.51,0
566,0,90452.19,0
358,0,13995.09,0
540,0,89196.87,0
547,0,158656.46,0
403,1,189862.59,0
187,0,151085.61,0
377,0,389328.28,0
305,0,100466.54,0
375,0,46579.14,0
661,0,231695.34,0
332,0,122921.95,0
139,0,162418.95,0
205,1,106408.79,0
403,0,21511.42,0
303,0,209951.06,0
396,0,157913.69,0
280,0,85832.05,0
332,0,16825.83,0
380,0,137182.38,0
376,0,419619.74,0
517,0,15350.69,0
380,0,75040.66,0
278,0,71552.83,0
402,0,256981.42,0
379,0,1967.33,0
402,0,255040.43,0
252,0,141880.98,0
306,0,110962.15,0
229,0,29633.41,0
183,0,71004.23,0
280,0,8818.63,0
404,0,44088.76,0
255,0,124539.83,0
715,0,205836.12,0
157,0,3076.67,0
255,0,94083.32,0
538,0,212508.56,0
354,0,24802.97,0
255,0,436629.64,0
260,0,199212.4,0
398,0,578145.29,0
399,0,15271.13,0
188,0,85734.07,0
637,0,32557.2,0
156,0,147030.84,0
355,0,164626.41,0
379,0,103478.17,0
204,0,360682.07,0
354,0,166238.85,0
567,0,325546.57,0
228,0,48318.18,0
354,0,289138.03,0
395,0,270576.5,0
327,0,58649.23,0
398,0,83628.98,0
257,0,149279.42,0
372,0,29706.77,0
352,0,82847.84,0
354,0,10508.2,0
305,0,62188.07,0
330,0,43329.42,0
323,0,112469.84,0
38,0,201118.99,0
474,0,136870.8,0
522,0,489768.3,0
253,0,78144.76,0
281,0,89120.57,0
490,0,67622.39,0
376,0,150724.18,0
383,1,160195.85,0
401,0,33581.12,0
514,0,59443.9,0
348,0,273789.67,0
397,0,58670.19,0
588,0,29047.52,0
566,0,264643.95,0
399,0,207280.93,0
138,0,218893.62,0
401,0,148083.41,0
399,0,228132.25,0
346,0,185746.45,0
327,0,339072.41,0
398,0,143899.65,0
354,0,122308.68,0
377,0,80089.52,0
255,0,6732.24,0
349,0,162728.7,0
302,0,384804.15,0
694,0,13860.11,0
397,0,567874.33,0
281,0,132321.93,0
617,0,15830.79,0
398,0,211023.05,0
400,0,269219.92,0
324,0,122290.38,0
300,0,27859.07,0
355,0,77105.54,0
183,0,66784.14,0
374,0,140908.01,0
705,0,98461.18,0
396,0,332164.21,0
370,0,311278.92,0
279,0,34338.06,0
397,0,60234.46,0
400,0,74532.56,0
688,0,135113.63,0
396,0,17208.24,0
325,0,322171.88,0
403,0,78144.56,0
544,0,334312.29,0
376,0,17919.71,0
396,0,144898.28,0
357,0,1994.9,0
399,0,236263.75,0
283,0,154717.26,0
426,0,159039.06,0
687,0,221290.47,0
278,0,78084.24,0
403,0,103363.4,0
278,0,426.29,0
322,0,67350.83,0
348,0,174894.15,0
298,0,211949.11,0
404,0,27472.32,0
394,0,201218.11,0
210,0,5238.73,0
403,0,38500.43,0
301,0,142778.33,0
184,0,148058.45,0
44,1,38988.15,0
644,1,40616.27,0
259,0,55915.07,0
661,0,21965.22,0
325,0,124176.08,0
402,0,80700.42,0
202,0,9341.98,0
302,0,231757.88,0
379,0,387214.19,0
395,0,241381.98,0
373,0,27317.52,0
306,0,162830.49,0
402,0,136127.66,0
346,0,32121.67,0
347,0,117173.28,0
300,0,6975.29,0
715,0,188817.71,0
588,0,234277.35,0
522,0,36846.17,0
350,0,214212.88,0
306,0,155809.3,0
404,0,142965.48,0
374,0,347728.86,0
379,0,8810.07,0
402,0,137859.24,0
281,0,12435.65,0
710,0,320405.09,0
399,0,140733.8,0
325,0,203017.23,0
401,0,108569.36,0
354,0,2165.03,0
566,0,108674.03,0
617,0,181888.71,0
327,0,308706.15,0
396,0,275052.45,0
206,0,63876.44,0
357,0,62677.28,0
350,0,282771.29,0
377,0,63996.68,0
257,0,127197.51,0
300,0,31428.92,0
378,0,237310.27,0
225,0,60652.25,0
353,0,82789.81,0
306,0,141581.06,0
355,0,56957.9,0
490,0,115276.59,0
428,0,88248.14,0
210,0,14974.68,0
404,0,250804.78,0
396,0,136086.39,0
381,0,166818.97,0
426,0,50549.22,0
405,0,412497.07,0
588,0,233709.61,0
403,0,64386.71,0
349,0,2037.68,0
275,0,44408.39,0
644,0,21015.48,0
354,0,54467.87,0
401,0,142477.44,0
235,1,41696.15,0
378,0,210221.45,0
370,0,177692.31,0
691,0,48806.57,0
351,0,446878.94,0
597,0,84780.48,0
402,0,33094.67,0
280,0,351349.29,0
259,0,91883.71,0
565,0,83515.35,0
332,0,100701.31,0
351,0,393924.77,0
396,0,313455.5,0
522,0,33847.44,0
284,0,4202.34,0
373,0,220013.39,0
330,0,105124.12,0
157,0,240094.56,0
379,0,155535.3,0
570,0,15861.8,0
379,0,222065.86,0
398,0,160574.26,0
400,0,71896.98,0
370,0,94931.05,0
331,0,325101.45,0
379,0,102537.89,0
259,0,102149.67,0
724,1,72389.42,1
709,1,14148.64,1
669,1,106290.68,1
646,1,43071.62,1
369,0,89596.79,1
216,1,31358.72,1
434,0,4152987.1,1
681,0,8104557.88,1
666,0,113336.41,1
487,0,1610110.66,1
698,1,131842.85,1
739,1,194521.28,1
403,0,2178303.49,1
643,1,1707.4,1
647,1,61846.05,1
413,0,786278.72,1
679,0,403274.41,1
629,1,114253.58,1
674,0,64083.54,1
339,0,373531.87,1
400,1,130278.99,1
656,0,9468064.05,1
342,0,127018.14,1
741,0,10000000.0,1
500,1,21832.43,1
665,1,40819.72,1
419,1,149535.0,1
691,0,1518718.03,1
174,1,31045.76,1
579,0,3085336.66,1
640,1,49871.73,1
619,0,2341474.44,1
604,0,277582.53,1
294,1,79446.06,1
399,1,145458.94,1
489,1,4241.44,1
726,1,185529.91,1
413,1,140333.35,1
685,0,537539.97,1
486,0,143500.62,1
402,1,143592.89,1
664,0,639991.03,1
552,0,22824.08,1
718,0,376639.05,1
577,0,763170.76,1
683,1,93483.23,1
578,1,60633.76,1
680,0,10000000.0,1
557,1,131050.76,1
133,1,57512.29,1
380,1,2784.51,1
608,0,388171.95,1
728,0,6322399.97,1
421,0,5455965.86,1
111,0,574709.63,1
654,0,1290224.84,1
718,1,8851.38,1
343,0,101013.32,1
619,0,347893.16,1
683,1,73929.99,1
570,0,2925859.58,1
495,0,255286.59,1
575,1,130479.52,1
735,1,123146.28,1
387,1,18028.13,1
699,1,62372.43,1
457,0,1017016.67,1
640,0,1266752.6,1
722,1,21960.02,1
522,1,101408.84,1
437,1,4716.08,1
296,1,40593.23,1
442,1,3085.45,1
705,1,105269.81,1
345,1,166271.16,1
323,1,25761.04,1
613,0,51589.87,1
558,0,2190762.32,1
694,1,186567.41,1
644,1,70669.49,1
363,0,6513531.58,1
361,1,54892.98,1
359,1,45271.85,1
717,1,116798.38,1
680,0,2651994.1,1
476,1,37394.15,1
736,0,53315.31,1
550,1,21418.86,1
643,1,161147.38,1
427,0,3890627.92,1
475,1,29611.08,1
518,0,1165187.89,1
509,1,23413.67,1
554,0,353785.26,1
705,0,62898.81,1
410,1,124202.04,1
671,1,188731.21,1
653,1,128440.4,1
438,1,176776.55,1
699,1,84480.05,1
741,0,144945.34,1
738,1,106584.32,1
696,1,44044.79,1
716,0,6426126.34,1
401,0,125822.44,1
444,1,178616.12,1
712,1,6514.47,1
454,0,404185.57,1
528,1,11070.29,1
364,1,34162.97,1
430,0,3302492.95,1
625,1,58924.16,1
348,1,142715.07,1
464,1,86111.65,1
473,1,36996.83,1
272,1,166972.46,1
723,1,72955.08,1
659,0,1467987.57,1
680,0,442460.31,1
713,1,108779.53,1
522,1,73561.74,1
407,1,48132.52,1
707,1,15371.72,1
697,0,378623.9,1
365,1,155799.82,1
474,1,149975.43,1
587,0,985127.95,1
460,1,76548.48,1
589,1,164296.85,1
530,1,148680.12,1
480,1,181104.66,1
735,0,123146.28,1
648,0,1005346.72,1
707,0,4676.42,1
458,1,167806.93,1
635,0,344673.46,1
395,1,117683.42,1
456,1,79717.14,1
394,1,147957.23,1
612,1,125216.91,1
549,0,1571565.56,1
470,0,864994.24,1
542,0,1068398.61,1
741,0,114149.44,1
509,0,407320.01,1
462,1,167743.93,1
273,1,76642.85,1
688,0,971133.63,1
728,0,3846781.01,1
225,1,74447.11,1
462,1,151994.59,1
312,1,134383.84,1
406,0,106596.14,1
614,0,125464.46,1
618,1,114483.78,1
569,1,15093.69,1
736,1,172915.56,1
631,0,952234.12,1
255,1,38223.11,1
356,1,7360.15,1
543,1,74436.56,1
555,1,24424.67,1
600,0,1158070.88,1
532,1,188097.08,1
650,1,50523.78,1
552,0,692743.57,1
375,1,118462.93,1
637,1,48605.54,1
617,0,10000000.0,1
186,1,20364.0,1
345,1,128936.95,1
596,1,196385.55,1
605,0,147230.63,1
724,1,89845.29,1
701,0,8537861.24,1
576,0,1322277.84,1
143,1,171337.99,1
664,1,4651.43,1
627,0,953529.64,1
608,0,136331.05,1
496,1,30171.95,1
635,0,580010.03,1
312,0,6580427.81,1
690,1,66643.99,1
501,1,185391.82,1
502,1,66066.73,1
654,0,114627.08,1
351,1,118111.77,1
653,1,119.65,1
499,1,116530.2,1
530,0,148680.12,1
729,0,1102951.39,1
19,0,143660.11,1
401,1,65365.11,1
718,1,66941.04,1
617,0,0.0,1
666,0,504362.34,1
429,0,837192.23,1
413,0,341441.17,1
358,0,5656416.95,1
611,0,904338.88,1
519,1,1558.46,1
578,1,195562.98,1
526,0,377038.53,1
548,1,126431.61,1
727,0,6377401.2,1
402,0,4257337.62,1
415,1,191834.14,1
561,0,348983.86,1
343,0,59829.03,1
635,0,1363674.48,1
388,0,960196.16,1
326,1,120214.74,1
60,1,89014.32,1
480,0,644781.76,1
656,1,110528.53,1
658,1,120582.86,1
611,1,40873.25,1
453,0,134725.66,1
650,0,692654.27,1
623,1,58050.78,1
496,1,174725.11,1
605,0,2011285.35,1
668,0,1576531.53,1
594,1,28936.11,1
726,1,76960.91,1
546,0,1634229.02,1
629,0,1051018.15,1
694,1,71729.96,1
554,0,9421856.87,1
481,0,832811.84,1
408,0,2567602.1,1
631,1,341.3,1
553,1,151105.97,1
676,1,171572.06,1
655,1,45758.71,1
686,1,160088.68,1
736,0,1314660.84,1
735,1,92735.71,1
387,1,143501.7,1
145,1,34301.19,1
484,0,156220.74,1
493,0,1214511.61,1
726,1,54584.29,1
284,0,498747.55,1
669,1,57658.26,1
394,1,49950.63,1
635,1,13128.49,1
629,1,19527.35,1
533,0,400517.07,1
516,0,423660.73,1
409,1,175972.28,1
483,0,7576324.61,1
456,1,38180.99,1
337,1,46073.56,1
456,0,4017972.88,1
579,0,150157.6,1
691,1,116636.06,1
633,1,125107.12,1
345,1,116940.32,1
377,0,2344540.14,1
325,0,269187.87,1
237,1,106681.18,1
325,0,1445166.74,1
627,0,2756011.78,1
320,1,34099.1,1
719,0,366896.03,1
669,1,111033.79,1
489,1,107128.17,1
683,1,34502.7,1
342,1,114308.2,1
412,1,87438.83,1
663,1,115782.68,1
650,0,1264551.38,1
513,0,100762.66,1
365,1,93581.19,1
438,1,60274.87,1
692,1,46072.33,1
673,0,645104.5,1
720,1,40075.02,1
480,0,181104.66,1
215,0,332151.67,1
551,0,879321.88,1
603,1,39247.74,1
362,1,60450.18,1
511,0,1367070.94,1
228,0,120491.56,1
536,1,116974.87,1
406,1,183385.35,1
387,1,20920.39,1
568,1,66188.66,1
531,1,29637.03,1
456,1,30548.46,1
695,0,1305754.09,1
404,1,126061.45,1
440,0,807278.78,1
670,0,1001446.44,1
235,1,4814.69,1
510,0,3178881.71,1
449,0,166880.54,1
710,0,7418265.31,1
608,0,780687.45,1
722,0,444766.43,1
712,1,16514.64,1
174,1,18887.22,1
380,0,3070709.95,1
685,1,73110.82,1
712,1,135977.23,1
401,1,30467.69,1
721,1,23639.56,1
348,1,31374.02,1
289,1,87219.11,1
609,1,76133.19,1
413,0,8536151.16,1
660,1,14360.12,1
489,0,934314.89,1
733,0,57543.34,1
521,1,98086.09,1
720,1,79039.81,1
597,0,1015051.7,1
564,1,30245.46,1
595,0,236914.77,1
674,1,64083.54,1
664,0,64181.21,1
315,1,5863.97,1
563,1,102371.12,1
142,1,73064.41,1
634,1,114864.37,1
726,0,185529.91,1
409,1,71921.7,1
489,1,101081.12,1
715,0,621080.67,1
448,0,432544.68,1
650,1,71666.93,1
559,0,175290.91,1
579,1,150157.6,1
485,1,53107.96,1
418,1,34498.05,1
493,0,605108.36,1
633,0,75480.15,1
659,1,50577.26,1
610,0,33964.87,1
332,0,19226.25,1
499,1,43308.07,1
742,0,1819543.69,1
462,0,155028.83,1
615,1,75113.49,1
241,0,57734.59,1
421,0,19729.68,1
582,1,47662.13,1
526,0,199940.02,1
424,1,158245.65,1
273,1,159106.12,1
381,0,102256.57,1
578,0,6274752.67,1
534,1,136245.39,1
461,0,1464614.79,1
235,0,4814.69,1
523,1,121543.83,1
519,0,105491.11,1
208,1,50820.71,1
339,1,6515.64,1
549,0,461442.52,1
80,0,42659.39,1
192,0,8783.42,1
618,1,153870.09,1
472,1,63440.63,1
610,1,33964.87,1
351,0,6721321.33,1
546,1,105097.16,1
176,1,102229.91,1
578,1,118106.94,1
731,0,219934.26,1
540,0,1989311.31,1
451,0,9265.43,1
707,1,4676.42,1
332,1,19226.25,1
727,1,124582.58,1
625,0,2480321.85,1
428,1,183306.21,1
472,0,586801.3,1
626,0,32382.31,1
704,0,8813323.11,1
441,1,107363.54,1
685,0,1933121.35,1
288,0,44116.87,1
436,1,59841.44,1
588,1,13421.28,1
502,0,66066.73,1
625,0,367631.15,1
403,1,196254.03,1
503,1,56290.17,1
671,1,36956.27,1
482,1,37831.15,1
736,0,537539.57,1
537,1,81278.73,1
392,1,92001.22,1
704,1,158788.32,1
710,0,33613.11,1
450,1,21708.13,1
289,1,37974.85,1
379,1,99458.21,1
497,0,141586.27,1
719,0,534518.98,1
741,1,114149.44,1
448,1,14133.69,1
475,1,9511.69,1
406,0,669627.43,1
462,1,67921.66,1
467,0,144283.42,1
231,1,13962.0,1
522,0,73561.74,1
621,0,2060748.45,1
613,0,1892137.66,1
645,1,21990.52,1
421,1,19729.68,1
721,0,71216.62,1
686,1,107732.98,1
208,1,164519.7,1
695,0,7435751.59,1
557,1,2719.66,1
557,1,188844.13,1
544,0,179997.78,1
620,0,295205.08,1
646,0,10000000.0,1
554,1,2689.43,1
387,0,10000000.0,1
291,1,87660.69,1
567,1,3596.83,1
369,1,89596.79,1
680,0,10000000.0,1
437,0,8006429.04,1
388,1,4348.62,1
406,1,126192.63,1
415,1,13659.45,1
664,1,84771.55,1
712,0,16514.64,1
352,1,154052.34,1
365,1,86258.11,1
372,1,81814.51,1
688,0,7442005.19,1
409,0,2284476.12,1
507,0,781183.07,1
730,0,0.0,1
374,0,7466.12,1
629,0,2433009.28,1
173,1,176273.29,1
691,1,32935.25,1
521,1,28835.93,1
738,1,108240.74,1
624,1,24366.07,1
410,0,950791.37,1
443,0,43159.0,1
295,1,9366.63,1
607,0,243348.28,1
621,0,1077146.94,1
414,0,10000000.0,1
551,0,150924.76,1
679,0,3150438.28,1
520,1,53325.6,1
503,0,251683.05,1
651,0,130777.09,1
567,1,122816.67,1
672,1,21332.46,1
427,0,474195.1,1
352,1,166456.54,1
521,1,27483.79,1
462,1,102464.68,1
383,1,106601.15,1
528,0,11070.29,1
495,1,58737.53,1
619,0,945131.71,1
375,1,3724.3,1
637,0,447474.67,1
714,1,8838.19,1
737,0,1281113.84,1
509,1,40836.05,1
401,1,125822.44,1
641,1,2205.55,1
504,0,138048.52,1
710,1,23134.17,1
473,1,179700.14,1
468,1,155926.42,1
671,0,0.0,1
657,1,24853.41,1
691,0,84174.31,1
576,1,25040.78,1
549,0,1057053.6,1
742,0,652993.91,1
666,1,113336.41,1
638,1,43996.54,1
421,0,10000000.0,1
436,0,539658.73,1
612,1,11155.45,1
229,1,143332.0,1
261,1,196561.69,1
398,0,31334.57,1
699,1,181545.14,1
599,0,1074.81,1
673,0,329055.47,1
608,0,10000000.0,1
249,1,3138.25,1
291,1,145035.4,1
578,0,978103.4,1
459,0,1153156.0,1
527,1,6087.58,1
682,1,5271.46,1
510,0,177137.79,1
514,0,10000000.0,1
518,1,22048.19,1
501,0,73328.47,1
425,1,34839.32,1
639,0,305846.12,1
501,0,705647.68,1
234,1,80336.26,1
623,1,67128.33,1
248,1,18035.14,1
704,0,339152.24,1
582,0,181543.89,1
646,0,10000000.0,1
302,1,43235.71,1
671,1,152724.32,1
664,1,171935.25,1
455,0,7618.49,1
694,1,21358.8,1
566,1,1828.6,1
541,0,3297243.38,1
453,1,134725.66,1
419,1,60891.94,1
731,0,147186.94,1
730,0,10000000.0,1
355,1,42483.97,1
608,1,27985.73,1
303,0,322585.04,1
477,0,9639524.7,1
428,1,3037.67,1
446,0,7782452.17,1
719,1,119306.06,1
519,1,108994.49,1
501,0,472808.24,1
481,1,190215.18,1
149,1,29832.81,1
717,0,751854.42,1
557,0,643052.88,1
578,1,152372.18,1
501,0,1318024.48,1
533,1,18042.11,1
563,1,190662.7,1
450,1,36267.62,1
560,1,91655.26,1
701,1,74581.07,1
501,0,185391.82,1
692,1,163490.28,1
473,0,179700.14,1
503,0,861189.54,1
568,1,2747.85,1
475,0,876753.11,1
523,1,120598.96,1
277,0,149656.36,1
403,1,6392.08,1
730,0,2154005.71,1
303,1,199870.29,1
444,0,178616.12,1
591,0,111764.7,1
628,0,709950.57,1
686,1,134227.05,1
623,0,58050.78,1
640,1,87698.36,1
648,0,27584.17,1
405,0,70756.72,1
725,1,123259.24,1
457,1,173020.24,1
657,1,41428.9,1
660,1,48516.87,1
621,0,348751.45,1
450,0,146061.11,1
391,1,172362.84,1
250,1,52795.24,1
320,0,34099.1,1
637,0,3845765.36,1
452,0,1138384.29,1
135,1,60646.82,1
425,0,462452.87,1
671,0,10000000.0,1
398,1,31334.57,1
465,0,4690769.98,1
537,1,26481.25,1
498,1,95064.86,1
178,0,102660.35,1
328,1,6391.6,1
354,0,283429.1,1
658,1,24522.52,1
275,1,21323.28,1
498,1,142791.28,1
622,1,165547.54,1
482,1,24382.08,1
716,0,921393.95,1
382,1,6085.3,1
400,1,51113.0,1
366,0,2701644.17,1
551,1,3227.06,1
475,1,11424.36,1
570,0,1021194.38,1
549,1,29473.67,1
613,0,1425062.97,1
465,1,44946.2,1
288,0,21511.22,1
537,0,1504.73,1
493,1,144452.14,1
331,1,161859.16,1
346,1,180110.22,1
584,0,597806.2,1
614,0,1760546.42,1
319,1,92545.17,1
358,0,10358.27,1
703,1,13024.95,1
521,0,28835.93,1
536,0,285382.07,1
600,1,49434.25,1
641,1,115599.26,1
406,0,9173.06,1
490,0,1927403.83,1
599,1,1074.81,1
377,1,73946.79,1
731,1,147186.94,1
320,1,171200.54,1
281,0,54235.7,1
678,1,194876.96,1
399,1,77710.4,1
273,1,27059.86,1
489,1,177925.98,1
741,0,10000000.0,1
442,0,1487505.07,1
249,1,56013.0,1
398,0,3580542.06,1
625,1,20278.62,1
240,0,103949.5,1
459,0,4153.02,1
628,1,99165.12,1
249,1,12855.05,1
488,1,50279.4,1
691,0,32935.25,1
415,1,37766.23,1
514,1,48340.79,1
723,1,138373.64,1
609,1,112363.33,1
606,1,57588.67,1
707,0,2331777.94,1
722,0,21960.02,1
704,0,672812.53,1
519,1,21738.98,1
608,0,277048.48,1
557,1,111467.61,1
269,1,48412.47,1
546,1,24773.86,1
397,1,40433.84,1
482,1,132438.82,1
541,0,10000000.0,1
590,1,179725.06,1
572,1,82504.16,1
569,0,22117.99,1
713,0,2046684.58,1
719,1,67299.57,1
730,0,1152538.9,1
445,0,72901.03,1
673,1,73053.41,1
593,1,125146.75,1
458,0,167806.93,1
362,1,85113.85,1
522,1,59250.11,1
381,1,102256.57,1
550,0,342309.91,1
274,1,24279.32,1
322,1,71329.73,1
541,0,108755.28,1
319,1,88424.06,1
682,1,64557.77,1
684,0,1430050.84,1
655,0,253648.68,1
501,1,161024.8,1
270,1,144731.73,1
428,0,183306.21,1
634,0,26153.82,1
283,1,101515.68,1
450,1,133057.11,1
636,0,146095.73,1
333,1,17207.65,1
378,1,187761.76,1
411,0,2068313.94,1
351,1,63.8,1
608,1,136331.05,1
574,1,56125.55,1
405,1,70382.18,1
600,0,7363709.23,1
602,0,1976666.45,1
714,0,69724.85,1
649,1,30674.98,1
528,0,181224.98,1
349,1,80800.21,1
350,0,207517.2,1
727,1,69039.64,1
396,0,233699.25,1
485,0,277485.25,1
383,1,167907.12,1
403,1,108560.06,1
672,0,21332.46,1
442,1,9065.34,1
720,1,57040.65,1
581,1,155002.83,1
631,0,341.3,1
565,0,254947.37,1
730,1,403.56,1
629,0,1650.08,1
560,0,730677.5,1
539,1,198888.16,1
633,1,75480.15,1
641,1,19646.09,1
462,0,46190.9,1
586,0,2581549.92,1
716,0,455386.57,1
572,0,262960.23,1
742,0,54652.46,1
640,1,40867.66,1
723,1,128893.5,1
177,0,452804.42,1
580,0,2925111.67,1
572,1,161016.65,1
373,1,112835.43,1
656,1,84007.22,1
730,0,185488.23,1
684,1,459.38,1
669,0,57658.26,1
267,1,37669.14,1
315,0,5863.97,1
553,0,151105.97,1
720,0,561027.94,1
409,0,377096.39,1
652,0,2054631.55,1
699,0,148714.54,1
558,1,889.76,1
637,1,107246.03,1
579,1,32372.82,1
248,0,26776.98,1
326,1,15177.97,1
702,0,10000000.0,1
336,1,170038.31,1
402,0,143592.89,1
611,1,59649.33,1
741,1,144945.34,1
427,0,1171751.17,1
542,1,161804.68,1
270,1,14992.14,1
616,0,7240965.96,1
315,1,82648.3,1
490,0,422648.87,1
455,0,2108589.59,1
580,1,105861.07,1
250,0,213463.32,1
614,1,125464.46,1
710,0,23134.17,1
484,1,26654.46,1
739,1,176549.59,1
458,1,22140.87,1
519,0,21738.98,1
626,1,55740.39,1
686,1,198043.93,1
484,1,67692.41,1
500,0,21832.43,1
691,1,84174.31,1
736,0,10000000.0,1
712,0,367207.98,1
724,0,501425.84,1
322,1,108213.6,1
405,0,973805.75,1
648,0,398045.73,1
568,1,32521.24,1
519,1,105491.11,1
156,1,134497.41,1
501,1,73328.47,1
508,0,350233.08,1
639,1,49199.2,1
473,0,7009.93,1
325,0,441873.49,1
658,1,82535.57,1
534,0,1390332.39,1
285,1,179648.89,1
531,1,4791.06,1
265,1,158214.43,1
610,0,528149.74,1
281,1,7133.97,1
378,1,192815.77,1
434,1,32671.88,1
212,1,94261.84,1
464,0,880975.83,1
480,1,146743.13,1
740,0,1312694.5,1
475,1,71511.19,1
394,0,3354215.55,1
613,0,2155569.91,1
439,1,112656.24,1
482,1,75659.33,1
560,1,143275.81,1
722,0,1158396.74,1
712,0,372703.48,1
379,0,36942.13,1
698,0,9097679.75,1
580,0,628697.26,1
391,1,47721.95,1
406,0,126192.63,1
342,0,114308.2,1
312,1,117345.35,1
608,0,4716307.48,1
646,0,10000000.0,1
336,1,38115.0,1
379,0,8317724.27,1
380,1,70125.14,1
605,0,251118.04,1
573,0,182927.08,1
602,0,274125.77,1
514,0,137605.04,1
693,0,1018645.2,1
697,0,289177.34,1
519,0,1644253.61,1
513,1,168033.36,1
667,1,71554.74,1
568,1,112988.36,1
708,0,1735525.5,1
541,1,107320.81,1
476,1,1048.63,1
286,1,103124.43,1
650,1,18982.32,1
659,0,1321984.45,1
516,0,414794.23,1
474,1,87167.88,1
411,0,1464008.18,1
513,1,100762.66,1
270,1,79712.37,1
562,0,203881.96,1
401,1,19511.35,1
629,0,8488865.83,1
552,1,45116.24,1
442,0,2758096.0,1
588,1,187128.57,1
613,1,170486.7,1
354,0,66550.0,1
261,1,163353.64,1
478,0,51183.25,1
502,1,73051.02,1
648,1,17733.57,1
498,0,1028515.56,1
282,1,8091.78,1
502,0,73051.02,1
442,0,9065.34,1
649,0,963966.56,1
600,0,49434.25,1
562,1,8770.06,1
536,0,844213.81,1
588,0,98533.36,1
630,0,17484.29,1
664,1,62184.44,1
478,1,51183.25,1
563,0,2905831.61,1
404,1,40359.75,1
613,1,86002.09,1
282,0,481.9,1
541,0,2629417.41,1
527,1,79323.25,1
157,1,95348.33,1
646,0,10000000.0,1
711,0,3399575.93,1
417,0,1049586.54,1
357,1,74921.74,1
591,0,1777758.65,1
567,1,175203.45,1
660,1,6749.18,1
637,0,107246.03,1
657,0,1619313.55,1
675,1,43440.97,1
636,1,89657.36,1
552,0,45116.24,1
377,0,489033.93,1
575,1,193545.61,1
458,0,22140.87,1
640,0,46973.96,1
461,0,873356.47,1
572,1,151715.39,1
709,1,66516.2,1
549,0,21662.5,1
294,1,21819.57,1
562,0,8770.06,1
518,0,22048.19,1
655,0,45758.71,1
660,0,227994.78,1
656,1,5349.74,1
633,0,405400.26,1
718,0,9749042.95,1
445,1,72901.03,1
396,1,59996.12,1
720,1,71439.81,1
652,0,258570.41,1
722,1,59263.88,1
78,1,178569.48,1
702,0,573266.42,1
473,0,417620.07,1
558,0,316877.85,1
736,0,3912252.81,1
297,1,57466.42,1
407,0,48132.52,1
617,0,10000000.0,1
413,1,115085.31,1
517,0,555328.55,1
732,0,311832.17,1
489,0,7515624.63,1
625,0,6870369.62,1
735,0,417103.68,1
404,1,186375.38,1
521,1,48734.24,1
491,1,25616.71,1
674,0,306505.03,1
422,0,298365.86,1
654,1,114627.08,1
319,0,92545.17,1
633,0,125107.12,1
494,0,503620.99,1
583,1,1583.28,1
436,0,513693.13,1
583,1,135100.36,1
600,0,983417.49,1
528,1,181224.98,1
559,0,1431634.93,1
453,0,553328.24,1
374,1,54725.54,1
513,1,159724.42,1
624,1,69912.57,1
674,0,6250438.78,1
700,1,113447.92,1
511,1,150929.12,1
437,1,119041.12,1
680,1,28399.72,1
635,0,438394.67,1
656,1,46291.81,1
522,0,101408.84,1
694,0,6204.71,1
464,0,4640633.37,1
249,1,90915.0,1
264,1,84196.79,1
504,1,138048.52,1
611,1,49965.92,1
667,0,429257.45,1
692,0,163490.28,1
256,1,70696.74,1
640,0,40867.66,1
349,1,14279.89,1
414,0,4602636.68,1
523,1,159094.64,1
443,1,43159.0,1
569,1,176626.77,1
601,0,98099.07,1
603,1,158879.1,1
583,0,2149658.47,1
403,0,6392.08,1
415,1,23236.49,1
518,1,95105.01,1
694,1,76582.23,1
523,1,160186.79,1
511,1,2491.85,1
632,0,52541.42,1
342,1,21279.19,1
228,1,120491.56,1
563,0,633610.66,1
658,0,54583.71,1
688,0,735329.1,1
497,1,141586.27,1
613,1,51589.87,1
322,1,135845.3,1
601,1,93253.25,1
643,0,1707.4,1
652,1,80397.86,1
559,1,55539.89,1
351,0,63.8,1
405,1,70756.72,1
510,1,177137.79,1
739,1,156691.56,1
594,0,335071.5,1
398,1,50722.16,1
595,1,76732.89,1
603,0,1778520.7,1
615,1,56510.5,1
522,0,545780.7,1
721,1,71216.62,1
736,0,274799.58,1
737,1,190100.29,1
536,0,232565.37,1
590,0,802483.88,1
403,0,949979.11,1
733,1,105903.18,1
626,1,32382.31,1
373,1,141410.98,1
671,1,61505.06,1
617,0,10000000.0,1
368,0,199414.45,1
515,0,124465.49,1
418,0,34498.05,1
613,0,86002.09,1
565,1,112958.85,1
460,0,217666.25,1
425,0,10000000.0,1
705,0,353090.95,1
494,1,103909.1,1
462,1,155028.83,1
704,0,1593189.25,1
411,0,427373.65,1
321,1,59628.24,1
561,0,2763025.35,1
379,0,284000.25,1
635,0,568918.32,1
427,0,426173.04,1
640,1,46973.96,1
720,0,57040.65,1
732,0,249365.63,1
738,1,114490.39,1
452,1,63262.94,1
718,0,8851.38,1
236,1,75708.87,1
331,0,420330.71,1
409,0,10000000.0,1
524,0,356224.26,1
538,1,37436.78,1
566,1,92641.52,1
522,1,146908.38,1
392,1,193706.98,1
572,0,1351104.53,1
626,0,44577.32,1
550,1,85303.24,1
710,1,33613.11,1
433,0,673722.73,1
92,1,19742.71,1
620,0,260408.9,1
475,1,20111.45,1
654,1,48712.12,1
694,0,186567.41,1
705,1,62898.81,1
647,1,64202.85,1
617,0,1013208.77,1
460,0,1424002.7,1
402,1,48266.8,1
212,0,10000000.0,1
698,0,2360965.74,1
723,0,138373.64,1
736,1,53315.31,1
697,1,106850.22,1
664,0,397069.12,1
473,1,7009.93,1
699,0,162326.52,1
551,1,150924.76,1
486,0,4505012.56,1
537,1,1504.73,1
591,0,4863106.47,1
555,0,24424.67,1
357,0,251199.91,1
439,1,100840.93,1
738,0,814689.88,1
724,0,200482.72,1
569,1,51416.07,1
651,1,130777.09,1
498,0,95064.86,1
531,0,29637.03,1
730,1,185488.23,1
248,0,18035.14,1
625,0,20278.62,1
570,1,9274.56,1
663,0,25472.32,1
701,0,644314.67,1
464,1,125464.42,1
632,1,52541.42,1
730,1,156396.46,1
629,1,93884.26,1
706,0,265961.0,1
223,1,181588.3,1
690,0,166891.51,1
467,1,144283.42,1
340,1,92145.4,1
502,0,4758180.79,1
720,0,40075.02,1
210,1,94431.98,1
291,1,30820.17,1
324,1,21580.37,1
259,1,72782.82,1
643,1,40651.96,1
709,0,242296.17,1
351,1,178344.25,1
588,1,98533.36,1
333,0,17207.65,1
643,1,44482.33,1
512,0,718350.64,1
670,0,929106.32,1
558,1,4529.65,1
178,1,85017.99,1
231,0,1638865.05,1
583,0,135100.36,1
631,0,696575.46,1
219,0,36371.77,1
175,1,47604.75,1
470,1,8177.04,1
364,0,34162.97,1
620,1,161272.92,1
691,0,116636.06,1
531,1,13074.53,1
330,1,61756.82,1
564,1,55828.87,1
395,1,171880.67,1
570,1,3712.11,1
523,1,25819.42,1
714,1,69724.85,1
544,1,179997.78,1
635,1,182739.36,1
576,0,25040.78,1
449,0,1965786.11,1
573,1,182927.08,1
629,0,114253.58,1
459,1,46130.88,1
270,0,395531.72,1
351,1,153607.08,1
361,1,140807.76,1
372,0,299172.82,1
686,0,1467968.73,1
463,0,4152435.91,1
701,0,306691.05,1
279,0,231161.48,1
362,1,60314.32,1
552,1,22824.08,1
546,0,99656.93,1
596,0,196385.55,1
543,1,57204.07,1
427,1,59749.28,1
563,0,102371.12,1
473,1,70239.81,1
384,1,136903.9,1
305,1,39342.59,1
459,1,4153.02,1
379,1,17216.14,1
416,1,79076.14,1
336,0,1950022.93,1
392,0,542393.87,1
659,0,1423627.83,1
412,0,381977.83,1
692,0,880661.14,1
395,1,134297.68,1
532,0,254719.63,1
731,1,31887.18,1
399,0,350017.08,1
641,0,19646.09,1
461,1,125153.57,1
576,1,28284.88,1
535,1,72878.02,1
440,0,4339822.23,1
613,0,980310.0,1
703,0,6498297.7,1
273,1,103078.52,1
673,0,897875.35,1
699,1,148714.54,1
217,1,13266.93,1
349,0,1398633.34,1
658,1,54583.71,1
662,0,1468304.35,1
459,0,46130.88,1
550,0,85303.24,1
696,0,44044.79,1
648,1,27584.17,1
